linkID,countyID,zoneID,roadTypeID,linkLength,linkVolume,linkAvgSpeed,linkDescription,linkAvgGrade
2,17031,0,5,0.03745459935298865,0,0.0,Urban Unrestricted,0
3,17031,0,5,0.04227346876918908,0,0.0,Urban Unrestricted,0
4,17031,0,5,0.014927408705021947,0,0.0,Urban Unrestricted,0
5,17031,0,5,0.0103613299010997,0,0.0,Urban Unrestricted,0
7,17031,0,5,0.008572614653139177,0,0.0,Urban Unrestricted,0
8,17031,0,5,0.037555781031204626,0,0.0,Urban Unrestricted,0
10,17031,0,5,0.032952521892137626,0,0.0,Urban Unrestricted,0
11,17031,0,5,0.027489363503927063,0,0.0,Urban Unrestricted,0
13,17031,0,5,0.021669986011409112,0,0.0,Urban Unrestricted,0
14,17031,0,5,0.023843489106077902,0,0.0,Urban Unrestricted,0
16,17031,0,5,0.03196669753289002,0,0.0,Urban Unrestricted,0
18,17031,0,5,0.004610404160212313,0,0.0,Urban Unrestricted,0
20,17031,0,5,0.038157612609979345,0,0.0,Urban Unrestricted,0
21,17031,0,5,0.02245116314390582,0,0.0,Urban Unrestricted,0
22,17031,0,5,0.030114582753659625,0,0.0,Urban Unrestricted,0
23,17031,0,5,0.027867864592692443,0,0.0,Urban Unrestricted,0
24,17031,0,5,0.010455874586758281,0,0.0,Urban Unrestricted,0
25,17031,0,5,0.037946906305583936,0,0.0,Urban Unrestricted,0
26,17031,0,5,0.03766700542099474,0,0.0,Urban Unrestricted,0
28,17031,0,5,0.005593668298301635,0,0.0,Urban Unrestricted,0
29,17031,0,5,0.011532848883234281,0,0.0,Urban Unrestricted,0
32,17031,0,5,0.007972934292764024,0,0.0,Urban Unrestricted,0
34,17031,0,5,0.0013393376232461163,0,0.0,Urban Unrestricted,0
35,17031,0,5,0.010640560543105316,0,0.0,Urban Unrestricted,0
36,17031,0,5,0.03373897819181847,0,0.0,Urban Unrestricted,0
37,17031,0,5,0.04110238236833919,0,0.0,Urban Unrestricted,0
38,17031,0,5,0.04549179169918601,0,0.0,Urban Unrestricted,0
41,17031,0,5,0.008232464533251029,0,0.0,Urban Unrestricted,0
43,17031,0,5,0.03653043279711975,0,0.0,Urban Unrestricted,0
44,17031,0,5,0.04345939694922808,0,0.0,Urban Unrestricted,0
45,17031,0,5,0.04002615236677265,0,0.0,Urban Unrestricted,0
47,17031,0,5,0.014177481043578213,0,0.0,Urban Unrestricted,0
49,17031,0,5,0.0071012992672389984,0,0.0,Urban Unrestricted,0
53,17031,0,5,0.024046695737475185,0,0.0,Urban Unrestricted,0
55,17031,0,5,0.02439151569883117,0,0.0,Urban Unrestricted,0
57,17031,0,5,0.07093430172173616,0,0.0,Urban Unrestricted,0
58,17031,0,5,0.07661672196045316,0,0.0,Urban Unrestricted,0
59,17031,0,5,0.07611168897109068,0,0.0,Urban Unrestricted,0
61,17031,0,5,0.07508849762544668,0,0.0,Urban Unrestricted,0
63,17031,0,5,0.07081727951507145,0,0.0,Urban Unrestricted,0
64,17031,0,5,0.03508604222111513,0,0.0,Urban Unrestricted,0
65,17031,0,5,0.041931319170058705,0,0.0,Urban Unrestricted,0
66,17031,0,5,0.0764697621960837,0,0.0,Urban Unrestricted,0
67,17031,0,5,0.07660456789674022,0,0.0,Urban Unrestricted,0
69,17031,0,5,0.006765160123448227,0,0.0,Urban Unrestricted,0
70,17031,0,5,0.012709603062656586,0,0.0,Urban Unrestricted,0
75,17031,0,5,0.006107412481838817,0,0.0,Urban Unrestricted,0
77,17031,0,5,0.02278104994347722,0,0.0,Urban Unrestricted,0
78,17031,0,5,0.02692499239387544,0,0.0,Urban Unrestricted,0
81,17031,0,5,0.007297996300657969,0,0.0,Urban Unrestricted,0
82,17031,0,5,0.08930984889649685,0,0.0,Urban Unrestricted,0
83,17031,0,5,0.059290188084042704,0,0.0,Urban Unrestricted,0
85,17031,0,5,0.015025793847243401,0,0.0,Urban Unrestricted,0
87,17031,0,5,0.07314831748153233,0,0.0,Urban Unrestricted,0
93,17031,0,5,0.005437217716795774,0,0.0,Urban Unrestricted,0
94,17031,0,5,0.03951718015996406,0,0.0,Urban Unrestricted,0
95,17031,0,5,0.04593067641478199,0,0.0,Urban Unrestricted,0
98,17031,0,5,0.08270574083099712,0,0.0,Urban Unrestricted,0
100,17031,0,5,0.009468821594483779,0,0.0,Urban Unrestricted,0
102,17031,0,5,0.07876589258145361,0,0.0,Urban Unrestricted,0
107,17031,0,5,0.07492575106758453,0,0.0,Urban Unrestricted,0
108,17031,0,5,0.04196876201146634,0,0.0,Urban Unrestricted,0
110,17031,0,5,0.1273582532663252,0,0.0,Urban Unrestricted,0
115,17031,0,5,0.0558461591706796,0,0.0,Urban Unrestricted,0
116,17031,0,5,0.04446970125279634,0,0.0,Urban Unrestricted,0
117,17031,0,5,0.044030673411687905,0,0.0,Urban Unrestricted,0
118,17031,0,5,0.04434369478379048,0,0.0,Urban Unrestricted,0
119,17031,0,5,0.008501324582638095,0,0.0,Urban Unrestricted,0
120,17031,0,5,0.034876901565735176,0,0.0,Urban Unrestricted,0
122,17031,0,5,0.055530630967972644,0,0.0,Urban Unrestricted,0
125,17031,0,5,0.004636375055985149,0,0.0,Urban Unrestricted,0
127,17031,0,5,0.025642282000653802,0,0.0,Urban Unrestricted,0
129,17031,0,5,0.02376035795803127,0,0.0,Urban Unrestricted,0
131,17031,0,5,0.03798791444765567,0,0.0,Urban Unrestricted,0
133,17031,0,5,0.06048018810371406,0,0.0,Urban Unrestricted,0
134,17031,0,5,0.04373921924650436,0,0.0,Urban Unrestricted,0
136,17031,0,5,0.015503899729496127,0,0.0,Urban Unrestricted,0
139,17031,0,5,0.009033885540181419,0,0.0,Urban Unrestricted,0
141,17031,0,5,0.011178479669074226,0,0.0,Urban Unrestricted,0
142,17031,0,5,0.0553637276827091,0,0.0,Urban Unrestricted,0
143,17031,0,5,0.0268211647736353,0,0.0,Urban Unrestricted,0
144,17031,0,5,0.028647528711855424,0,0.0,Urban Unrestricted,0
145,17031,0,5,0.027584154860749385,0,0.0,Urban Unrestricted,0
146,17031,0,5,0.028719123639818718,0,0.0,Urban Unrestricted,0
147,17031,0,5,0.04135035814944799,0,0.0,Urban Unrestricted,0
150,17031,0,5,0.060031009192327685,0,0.0,Urban Unrestricted,0
152,17031,0,5,0.07501218641418651,0,0.0,Urban Unrestricted,0
153,17031,0,5,0.04206989917876089,0,0.0,Urban Unrestricted,0
154,17031,0,5,0.045383921986207866,0,0.0,Urban Unrestricted,0
155,17031,0,5,0.01216227131316559,0,0.0,Urban Unrestricted,0
157,17031,0,5,0.05329792244874264,0,0.0,Urban Unrestricted,0
158,17031,0,5,0.047359844780463414,0,0.0,Urban Unrestricted,0
159,17031,0,5,0.02853955235262656,0,0.0,Urban Unrestricted,0
160,17031,0,5,0.07573985112260577,0,0.0,Urban Unrestricted,0
161,17031,0,5,0.07683676120462059,0,0.0,Urban Unrestricted,0
164,17031,0,5,0.0388337253969156,0,0.0,Urban Unrestricted,0
167,17031,0,5,0.007404717715655548,0,0.0,Urban Unrestricted,0
168,17031,0,5,0.0170932012802922,0,0.0,Urban Unrestricted,0
189,17031,0,5,0.06625106798739597,0,0.0,Urban Unrestricted,0
191,17031,0,5,0.05859146118203935,0,0.0,Urban Unrestricted,0
193,17031,0,5,0.06326379525452018,0,0.0,Urban Unrestricted,0
194,17031,0,5,0.008491778473136964,0,0.0,Urban Unrestricted,0
197,17031,0,5,0.06440082569412449,0,0.0,Urban Unrestricted,0
198,17031,0,5,0.03239102194462795,0,0.0,Urban Unrestricted,0
199,17031,0,5,0.04344219872796126,0,0.0,Urban Unrestricted,0
200,17031,0,5,0.07617358389121583,0,0.0,Urban Unrestricted,0
202,17031,0,5,0.03890714413891275,0,0.0,Urban Unrestricted,0
205,17031,0,5,0.002354380308953109,0,0.0,Urban Unrestricted,0
207,17031,0,5,0.06953737615975814,0,0.0,Urban Unrestricted,0
209,17031,0,5,0.005835197222373978,0,0.0,Urban Unrestricted,0
214,17031,0,5,0.058856035454416575,0,0.0,Urban Unrestricted,0
215,17031,0,5,0.04114669905556634,0,0.0,Urban Unrestricted,0
216,17031,0,5,0.03461515635907938,0,0.0,Urban Unrestricted,0
217,17031,0,5,0.07628955244687156,0,0.0,Urban Unrestricted,0
218,17031,0,5,0.08411693517164709,0,0.0,Urban Unrestricted,0
220,17031,0,5,0.07141319674684628,0,0.0,Urban Unrestricted,0
222,17031,0,5,0.03946260005413947,0,0.0,Urban Unrestricted,0
223,17031,0,5,0.07527357302482011,0,0.0,Urban Unrestricted,0
224,17031,0,5,0.04199120865379752,0,0.0,Urban Unrestricted,0
225,17031,0,5,0.033638299829626406,0,0.0,Urban Unrestricted,0
227,17031,0,5,0.006354786152731526,0,0.0,Urban Unrestricted,0
230,17031,0,5,0.0038262560184694713,0,0.0,Urban Unrestricted,0
231,17031,0,5,0.110654066755482,0,0.0,Urban Unrestricted,0
238,17031,0,5,0.020648649392016657,0,0.0,Urban Unrestricted,0
239,17031,0,5,0.007767644170229291,0,0.0,Urban Unrestricted,0
242,17031,0,5,0.042428382209963,0,0.0,Urban Unrestricted,0
249,17031,0,5,0.008001254704901326,0,0.0,Urban Unrestricted,0
250,17031,0,5,0.0023443080537351663,0,0.0,Urban Unrestricted,0
251,17031,0,5,0.012988675402902505,0,0.0,Urban Unrestricted,0
252,17031,0,5,0.020189991353850325,0,0.0,Urban Unrestricted,0
258,17031,0,4,0.037046670394240984,0,0.0,Urban Restricted,0
259,17031,0,5,0.00776871378240603,0,0.0,Urban Unrestricted,0
260,17031,0,5,0.02596746127741027,0,0.0,Urban Unrestricted,0
261,17031,0,5,0.025792571586069856,0,0.0,Urban Unrestricted,0
262,17031,0,5,0.02438882206316108,0,0.0,Urban Unrestricted,0
264,17031,0,5,0.02034679528011646,0,0.0,Urban Unrestricted,0
265,17031,0,5,0.02557433950643509,0,0.0,Urban Unrestricted,0
266,17031,0,5,0.02667660196331472,0,0.0,Urban Unrestricted,0
267,17031,0,5,0.007768908123249283,0,0.0,Urban Unrestricted,0
269,17031,0,5,0.01500119420515173,0,0.0,Urban Unrestricted,0
270,17031,0,5,0.03099347434083696,0,0.0,Urban Unrestricted,0
271,17031,0,5,0.0302868556746751,0,0.0,Urban Unrestricted,0
273,17031,0,5,0.0808668148104895,0,0.0,Urban Unrestricted,0
274,17031,0,5,0.04587867307072504,0,0.0,Urban Unrestricted,0
275,17031,0,5,0.04309597351691636,0,0.0,Urban Unrestricted,0
277,17031,0,5,0.05408455587116536,0,0.0,Urban Unrestricted,0
279,17031,0,5,0.07598525384370382,0,0.0,Urban Unrestricted,0
280,17031,0,5,0.08448354495988421,0,0.0,Urban Unrestricted,0
284,17031,0,5,0.008939752231314428,0,0.0,Urban Unrestricted,0
285,17031,0,5,0.04721201589420485,0,0.0,Urban Unrestricted,0
288,17031,0,5,0.052433541682126425,0,0.0,Urban Unrestricted,0
289,17031,0,5,0.028370051672001604,0,0.0,Urban Unrestricted,0
290,17031,0,5,0.0238529490164741,0,0.0,Urban Unrestricted,0
292,17031,0,5,0.031129745478013712,0,0.0,Urban Unrestricted,0
293,17031,0,5,0.026159781508704863,0,0.0,Urban Unrestricted,0
294,17031,0,5,0.02912134033617418,0,0.0,Urban Unrestricted,0
297,17031,0,5,0.028624593349920617,0,0.0,Urban Unrestricted,0
299,17031,0,5,0.06269398436444282,0,0.0,Urban Unrestricted,0
302,17031,0,5,0.004578128991807701,0,0.0,Urban Unrestricted,0
303,17031,0,5,0.07556860620051407,0,0.0,Urban Unrestricted,0
305,17031,0,5,0.03210364866611861,0,0.0,Urban Unrestricted,0
307,17031,0,5,0.07493552184795024,0,0.0,Urban Unrestricted,0
308,17031,0,5,0.08878648477355597,0,0.0,Urban Unrestricted,0
310,17031,0,5,0.1145661638935186,0,0.0,Urban Unrestricted,0
312,17031,0,5,0.08273865420441857,0,0.0,Urban Unrestricted,0
315,17031,0,5,0.08262398745457628,0,0.0,Urban Unrestricted,0
316,17031,0,5,0.011070349096868019,0,0.0,Urban Unrestricted,0
318,17031,0,5,0.07596616107463276,0,0.0,Urban Unrestricted,0
325,17031,0,5,0.008925381619337357,0,0.0,Urban Unrestricted,0
328,17031,0,5,0.024977529607823637,0,0.0,Urban Unrestricted,0
330,17031,0,5,0.02363337998400263,0,0.0,Urban Unrestricted,0
331,17031,0,5,0.006504890531048159,0,0.0,Urban Unrestricted,0
333,17031,0,5,0.05465656375456701,0,0.0,Urban Unrestricted,0
337,17031,0,5,0.07492913529171452,0,0.0,Urban Unrestricted,0
339,17031,0,5,0.08339147761602349,0,0.0,Urban Unrestricted,0
341,17031,0,5,0.07149124563392728,0,0.0,Urban Unrestricted,0
342,17031,0,5,0.0771348039593867,0,0.0,Urban Unrestricted,0
343,17031,0,5,0.07561181047049109,0,0.0,Urban Unrestricted,0
344,17031,0,5,0.07582675042137357,0,0.0,Urban Unrestricted,0
345,17031,0,5,0.07527064123664748,0,0.0,Urban Unrestricted,0
350,17031,0,5,0.07551297259612767,0,0.0,Urban Unrestricted,0
351,17031,0,5,0.06253868600892878,0,0.0,Urban Unrestricted,0
353,17031,0,5,0.019581091073183923,0,0.0,Urban Unrestricted,0
354,17031,0,5,0.009970787592487002,0,0.0,Urban Unrestricted,0
355,17031,0,5,0.020632324515861528,0,0.0,Urban Unrestricted,0
356,17031,0,5,0.07587813041473158,0,0.0,Urban Unrestricted,0
357,17031,0,5,0.06699442288614037,0,0.0,Urban Unrestricted,0
358,17031,0,5,0.03716641719329228,0,0.0,Urban Unrestricted,0
360,17031,0,5,0.008143724379798814,0,0.0,Urban Unrestricted,0
362,17031,0,5,0.02888864252812225,0,0.0,Urban Unrestricted,0
363,17031,0,5,0.04292398223241315,0,0.0,Urban Unrestricted,0
364,17031,0,5,0.04617538680506484,0,0.0,Urban Unrestricted,0
366,17031,0,5,0.006055087562772845,0,0.0,Urban Unrestricted,0
369,17031,0,5,0.07585848411760988,0,0.0,Urban Unrestricted,0
370,17031,0,5,0.07648365670993347,0,0.0,Urban Unrestricted,0
372,17031,0,5,0.07705571294460585,0,0.0,Urban Unrestricted,0
374,17031,0,5,0.075770463074188,0,0.0,Urban Unrestricted,0
375,17031,0,5,0.07679051174619327,0,0.0,Urban Unrestricted,0
376,17031,0,5,0.07583423108309843,0,0.0,Urban Unrestricted,0
377,17031,0,5,0.048891545229962856,0,0.0,Urban Unrestricted,0
378,17031,0,5,0.08031410663561694,0,0.0,Urban Unrestricted,0
379,17031,0,5,0.051304189666717875,0,0.0,Urban Unrestricted,0
383,17031,0,5,0.07689161728766625,0,0.0,Urban Unrestricted,0
384,17031,0,5,0.09639123274820664,0,0.0,Urban Unrestricted,0
385,17031,0,5,0.11648647707514377,0,0.0,Urban Unrestricted,0
386,17031,0,5,0.0757541507324688,0,0.0,Urban Unrestricted,0
388,17031,0,5,0.08331939526170416,0,0.0,Urban Unrestricted,0
394,17031,0,5,0.006753107700245878,0,0.0,Urban Unrestricted,0
397,17031,0,5,0.08362340771337361,0,0.0,Urban Unrestricted,0
399,17031,0,5,0.07652707696923847,0,0.0,Urban Unrestricted,0
400,17031,0,5,0.011054329048945308,0,0.0,Urban Unrestricted,0
402,17031,0,5,0.008086486960472442,0,0.0,Urban Unrestricted,0
404,17031,0,5,0.02924311203635887,0,0.0,Urban Unrestricted,0
405,17031,0,5,0.12126153427164976,0,0.0,Urban Unrestricted,0
407,17031,0,5,0.02748887193152148,0,0.0,Urban Unrestricted,0
409,17031,0,5,0.07876739902553341,0,0.0,Urban Unrestricted,0
414,17031,0,5,0.07652986451995553,0,0.0,Urban Unrestricted,0
415,17031,0,5,0.0769573530162986,0,0.0,Urban Unrestricted,0
417,17031,0,5,0.004949319712946457,0,0.0,Urban Unrestricted,0
419,17031,0,5,0.0332892555963895,0,0.0,Urban Unrestricted,0
425,17031,0,5,0.08012340257682513,0,0.0,Urban Unrestricted,0
426,17031,0,5,0.048572151413920246,0,0.0,Urban Unrestricted,0
427,17031,0,5,0.028215297478108414,0,0.0,Urban Unrestricted,0
428,17031,0,5,0.07025578879197165,0,0.0,Urban Unrestricted,0
429,17031,0,5,0.00994536789601147,0,0.0,Urban Unrestricted,0
430,17031,0,5,0.07107313520551442,0,0.0,Urban Unrestricted,0
431,17031,0,5,0.023795274263465,0,0.0,Urban Unrestricted,0
433,17031,0,5,0.004742588020904755,0,0.0,Urban Unrestricted,0
435,17031,0,5,0.05678788693977933,0,0.0,Urban Unrestricted,0
436,17031,0,5,0.07466434333604216,0,0.0,Urban Unrestricted,0
437,17031,0,5,0.08855301061354344,0,0.0,Urban Unrestricted,0
439,17031,0,5,0.007966650690322695,0,0.0,Urban Unrestricted,0
441,17031,0,5,0.07553323851745355,0,0.0,Urban Unrestricted,0
442,17031,0,5,0.0512270379181766,0,0.0,Urban Unrestricted,0
443,17031,0,5,0.0658949689161857,0,0.0,Urban Unrestricted,0
444,17031,0,5,0.07611592926991509,0,0.0,Urban Unrestricted,0
445,17031,0,5,0.07554419058759643,0,0.0,Urban Unrestricted,0
447,17031,0,5,0.1567414564271932,0,0.0,Urban Unrestricted,0
449,17031,0,5,0.0109151132299468,0,0.0,Urban Unrestricted,0
450,17031,0,5,0.010045181841287616,0,0.0,Urban Unrestricted,0
451,17031,0,5,0.0059911462406510895,0,0.0,Urban Unrestricted,0
452,17031,0,5,0.03405836516439086,0,0.0,Urban Unrestricted,0
453,17031,0,5,0.03199667397703611,0,0.0,Urban Unrestricted,0
454,17031,0,5,0.08866022878952046,0,0.0,Urban Unrestricted,0
457,17031,0,5,0.07498600022392006,0,0.0,Urban Unrestricted,0
458,17031,0,5,0.08043458349038163,0,0.0,Urban Unrestricted,0
460,17031,0,5,0.04968525272030926,0,0.0,Urban Unrestricted,0
461,17031,0,5,0.01046842418429361,0,0.0,Urban Unrestricted,0
463,17031,0,5,0.021067761599410356,0,0.0,Urban Unrestricted,0
464,17031,0,5,0.00537544259936017,0,0.0,Urban Unrestricted,0
465,17031,0,5,0.038479225184752545,0,0.0,Urban Unrestricted,0
466,17031,0,5,0.04421608637128777,0,0.0,Urban Unrestricted,0
467,17031,0,5,0.04392002708212257,0,0.0,Urban Unrestricted,0
468,17031,0,5,0.04488030105535888,0,0.0,Urban Unrestricted,0
469,17031,0,5,0.04250169818790883,0,0.0,Urban Unrestricted,0
470,17031,0,5,0.08829375707064785,0,0.0,Urban Unrestricted,0
471,17031,0,5,0.08135136356547899,0,0.0,Urban Unrestricted,0
478,17031,0,5,0.006281707749600782,0,0.0,Urban Unrestricted,0
480,17031,0,5,0.07031532838078626,0,0.0,Urban Unrestricted,0
482,17031,0,5,0.041304170773074286,0,0.0,Urban Unrestricted,0
485,17031,0,5,0.07638308808068825,0,0.0,Urban Unrestricted,0
490,17031,0,5,0.010224353428461685,0,0.0,Urban Unrestricted,0
491,17031,0,5,0.06929985926168289,0,0.0,Urban Unrestricted,0
492,17031,0,5,0.07094652168914763,0,0.0,Urban Unrestricted,0
493,17031,0,5,0.009142655035445542,0,0.0,Urban Unrestricted,0
494,17031,0,5,0.0712958242982562,0,0.0,Urban Unrestricted,0
495,17031,0,5,0.028147826564390854,0,0.0,Urban Unrestricted,0
496,17031,0,5,0.04811249739984371,0,0.0,Urban Unrestricted,0
497,17031,0,5,0.08079532249395883,0,0.0,Urban Unrestricted,0
503,17031,0,5,0.01243594249293749,0,0.0,Urban Unrestricted,0
506,17031,0,5,0.015484448033326211,0,0.0,Urban Unrestricted,0
507,17031,0,5,0.08704543693511896,0,0.0,Urban Unrestricted,0
509,17031,0,5,0.07280252287799824,0,0.0,Urban Unrestricted,0
510,17031,0,5,0.04420637812846315,0,0.0,Urban Unrestricted,0
511,17031,0,5,0.045112643941567276,0,0.0,Urban Unrestricted,0
513,17031,0,5,0.05190788884927179,0,0.0,Urban Unrestricted,0
515,17031,0,5,0.06929284714040763,0,0.0,Urban Unrestricted,0
525,17031,0,5,0.00642744832742027,0,0.0,Urban Unrestricted,0
526,17031,0,5,0.0763322654718893,0,0.0,Urban Unrestricted,0
527,17031,0,5,0.07621347819569413,0,0.0,Urban Unrestricted,0
528,17031,0,5,0.04310180885157525,0,0.0,Urban Unrestricted,0
530,17031,0,5,0.033468180053213,0,0.0,Urban Unrestricted,0
531,17031,0,5,0.020885376262770844,0,0.0,Urban Unrestricted,0
532,17031,0,5,0.0157297554587482,0,0.0,Urban Unrestricted,0
534,17031,0,5,0.0048212562834002645,0,0.0,Urban Unrestricted,0
535,17031,0,5,0.005429976300835774,0,0.0,Urban Unrestricted,0
536,17031,0,5,0.026658510595151348,0,0.0,Urban Unrestricted,0
543,17031,0,5,0.07888495480525763,0,0.0,Urban Unrestricted,0
545,17031,0,5,0.03864678212647468,0,0.0,Urban Unrestricted,0
547,17031,0,5,0.004468776728667226,0,0.0,Urban Unrestricted,0
548,17031,0,5,0.014027788105974066,0,0.0,Urban Unrestricted,0
553,17031,0,5,0.0021834895055905424,0,0.0,Urban Unrestricted,0
558,17031,0,5,0.005782804952874245,0,0.0,Urban Unrestricted,0
559,17031,0,5,0.07218109493837653,0,0.0,Urban Unrestricted,0
560,17031,0,5,0.09431668739062077,0,0.0,Urban Unrestricted,0
571,17031,0,4,0.03286974434136562,0,0.0,Urban Restricted,0
576,17031,0,5,0.01133158402633382,0,0.0,Urban Unrestricted,0
589,17031,0,5,0.04755973374552815,0,0.0,Urban Unrestricted,0
590,17031,0,5,0.03841900190357515,0,0.0,Urban Unrestricted,0
591,17031,0,5,0.006614326919186328,0,0.0,Urban Unrestricted,0
592,17031,0,5,0.030993087079998493,0,0.0,Urban Unrestricted,0
593,17031,0,5,0.07550805743936265,0,0.0,Urban Unrestricted,0
595,17031,0,5,0.0032913431779081283,0,0.0,Urban Unrestricted,0
602,17031,0,5,0.039932160487374066,0,0.0,Urban Unrestricted,0
604,17031,0,5,0.006716460676437228,0,0.0,Urban Unrestricted,0
605,17031,0,5,0.0036729563525945684,0,0.0,Urban Unrestricted,0
606,17031,0,5,0.005741155881922286,0,0.0,Urban Unrestricted,0
608,17031,0,5,0.07720125551551418,0,0.0,Urban Unrestricted,0
618,17031,0,5,0.06764546499236267,0,0.0,Urban Unrestricted,0
619,17031,0,5,0.01156730084307472,0,0.0,Urban Unrestricted,0
622,17031,0,5,0.010670905354734824,0,0.0,Urban Unrestricted,0
623,17031,0,5,0.011057127670749286,0,0.0,Urban Unrestricted,0
630,17031,0,5,0.0809812627898736,0,0.0,Urban Unrestricted,0
632,17031,0,5,0.05430033780215746,0,0.0,Urban Unrestricted,0
634,17031,0,5,0.056029057511056975,0,0.0,Urban Unrestricted,0
636,17031,0,5,0.04653742061040408,0,0.0,Urban Unrestricted,0
637,17031,0,5,0.03962522806328368,0,0.0,Urban Unrestricted,0
639,17031,0,5,0.032577963614341704,0,0.0,Urban Unrestricted,0
646,17031,0,5,0.01924998429458018,0,0.0,Urban Unrestricted,0
648,17031,0,5,0.05892569967919047,0,0.0,Urban Unrestricted,0
650,17031,0,5,0.05411452496497737,0,0.0,Urban Unrestricted,0
657,17031,0,5,0.0058984462651307,0,0.0,Urban Unrestricted,0
659,17031,0,5,0.009602834234333118,0,0.0,Urban Unrestricted,0
661,17031,0,5,0.06386928360440375,0,0.0,Urban Unrestricted,0
663,17031,0,5,0.055256214491335796,0,0.0,Urban Unrestricted,0
665,17031,0,5,0.019201751668411243,0,0.0,Urban Unrestricted,0
667,17031,0,5,0.037251235071193746,0,0.0,Urban Unrestricted,0
668,17031,0,5,0.02773347281365672,0,0.0,Urban Unrestricted,0
671,17031,0,5,0.08770880519356186,0,0.0,Urban Unrestricted,0
672,17031,0,5,0.008216293517376681,0,0.0,Urban Unrestricted,0
673,17031,0,5,0.03000400725366214,0,0.0,Urban Unrestricted,0
676,17031,0,5,0.0985277750955901,0,0.0,Urban Unrestricted,0
677,17031,0,5,0.023829702736327608,0,0.0,Urban Unrestricted,0
678,17031,0,5,0.15855560489071518,0,0.0,Urban Unrestricted,0
680,17031,0,5,0.03673383550869815,0,0.0,Urban Unrestricted,0
681,17031,0,5,0.06145852880527714,0,0.0,Urban Unrestricted,0
682,17031,0,5,0.07619884569187388,0,0.0,Urban Unrestricted,0
684,17031,0,5,0.055284171283690856,0,0.0,Urban Unrestricted,0
685,17031,0,5,0.012258823675674041,0,0.0,Urban Unrestricted,0
688,17031,0,5,0.07636173948145754,0,0.0,Urban Unrestricted,0
690,17031,0,5,0.0070292080301376835,0,0.0,Urban Unrestricted,0
691,17031,0,5,0.020147335728174974,0,0.0,Urban Unrestricted,0
692,17031,0,5,0.017469951409845575,0,0.0,Urban Unrestricted,0
693,17031,0,5,0.007859294152307128,0,0.0,Urban Unrestricted,0
695,17031,0,5,0.013990170252028812,0,0.0,Urban Unrestricted,0
696,17031,0,5,0.08776409940365211,0,0.0,Urban Unrestricted,0
697,17031,0,5,0.003818285422856791,0,0.0,Urban Unrestricted,0
699,17031,0,5,0.00938754650653105,0,0.0,Urban Unrestricted,0
702,17031,0,5,0.010577802059295597,0,0.0,Urban Unrestricted,0
703,17031,0,5,0.06635879270352332,0,0.0,Urban Unrestricted,0
705,17031,0,5,0.003838218318941624,0,0.0,Urban Unrestricted,0
707,17031,0,5,0.06588933832459365,0,0.0,Urban Unrestricted,0
708,17031,0,5,0.06637252141454901,0,0.0,Urban Unrestricted,0
710,17031,0,5,0.01861524740187218,0,0.0,Urban Unrestricted,0
712,17031,0,5,0.07834602146752881,0,0.0,Urban Unrestricted,0
713,17031,0,5,0.025408083277045315,0,0.0,Urban Unrestricted,0
717,17031,0,5,0.00967190361844354,0,0.0,Urban Unrestricted,0
718,17031,0,5,0.03715932029741519,0,0.0,Urban Unrestricted,0
719,17031,0,5,0.03738495970568882,0,0.0,Urban Unrestricted,0
720,17031,0,5,0.04318910816697915,0,0.0,Urban Unrestricted,0
721,17031,0,5,0.04425696043196924,0,0.0,Urban Unrestricted,0
722,17031,0,5,0.044134515690439725,0,0.0,Urban Unrestricted,0
724,17031,0,5,0.04476316116464776,0,0.0,Urban Unrestricted,0
725,17031,0,5,0.04374519916343249,0,0.0,Urban Unrestricted,0
726,17031,0,5,0.009115226358253554,0,0.0,Urban Unrestricted,0
727,17031,0,5,0.07580402794137324,0,0.0,Urban Unrestricted,0
728,17031,0,5,0.07543874963450443,0,0.0,Urban Unrestricted,0
730,17031,0,5,0.005731972945247206,0,0.0,Urban Unrestricted,0
732,17031,0,5,0.029969377398029542,0,0.0,Urban Unrestricted,0
733,17031,0,5,0.03717680939199936,0,0.0,Urban Unrestricted,0
735,17031,0,5,0.0031266150086075323,0,0.0,Urban Unrestricted,0
737,17031,0,5,0.008501067176995909,0,0.0,Urban Unrestricted,0
739,17031,0,5,0.003133768796532068,0,0.0,Urban Unrestricted,0
741,17031,0,5,0.02559481027924585,0,0.0,Urban Unrestricted,0
743,17031,0,5,0.015480994088688877,0,0.0,Urban Unrestricted,0
745,17031,0,5,0.02037596900164932,0,0.0,Urban Unrestricted,0
747,17031,0,5,0.04319408272655569,0,0.0,Urban Unrestricted,0
748,17031,0,5,0.04457286724846603,0,0.0,Urban Unrestricted,0
751,17031,0,5,0.058311390972346604,0,0.0,Urban Unrestricted,0
759,17031,0,5,0.059570574717580385,0,0.0,Urban Unrestricted,0
761,17031,0,5,0.01236875119469666,0,0.0,Urban Unrestricted,0
763,17031,0,5,0.06811653232558369,0,0.0,Urban Unrestricted,0
764,17031,0,5,0.0377742266126777,0,0.0,Urban Unrestricted,0
765,17031,0,5,0.03855201325348542,0,0.0,Urban Unrestricted,0
766,17031,0,5,0.05319060385851388,0,0.0,Urban Unrestricted,0
767,17031,0,5,0.023352445779193095,0,0.0,Urban Unrestricted,0
769,17031,0,5,0.062141544613072114,0,0.0,Urban Unrestricted,0
770,17031,0,5,0.02816760532524753,0,0.0,Urban Unrestricted,0
771,17031,0,5,0.022707119145534086,0,0.0,Urban Unrestricted,0
774,17031,0,5,0.07605608386362085,0,0.0,Urban Unrestricted,0
775,17031,0,5,0.0212167896160532,0,0.0,Urban Unrestricted,0
776,17031,0,5,0.05497616522667707,0,0.0,Urban Unrestricted,0
777,17031,0,5,0.053006293010983176,0,0.0,Urban Unrestricted,0
778,17031,0,5,0.024084861149848043,0,0.0,Urban Unrestricted,0
780,17031,0,5,0.006010371592846027,0,0.0,Urban Unrestricted,0
781,17031,0,5,0.05009462678335444,0,0.0,Urban Unrestricted,0
783,17031,0,5,0.007114051938840152,0,0.0,Urban Unrestricted,0
785,17031,0,5,0.07561482068449771,0,0.0,Urban Unrestricted,0
786,17031,0,5,0.07515122291159215,0,0.0,Urban Unrestricted,0
788,17031,0,5,0.03861324975578681,0,0.0,Urban Unrestricted,0
790,17031,0,5,0.06243189873080263,0,0.0,Urban Unrestricted,0
791,17031,0,5,0.08343217703464313,0,0.0,Urban Unrestricted,0
792,17031,0,5,0.0669658272843707,0,0.0,Urban Unrestricted,0
793,17031,0,5,0.0060808787616221886,0,0.0,Urban Unrestricted,0
795,17031,0,5,0.08445871532245931,0,0.0,Urban Unrestricted,0
796,17031,0,5,0.03827114425348869,0,0.0,Urban Unrestricted,0
799,17031,0,5,0.11509791719796345,0,0.0,Urban Unrestricted,0
802,17031,0,5,0.04892836315593502,0,0.0,Urban Unrestricted,0
804,17031,0,5,0.021558978262914457,0,0.0,Urban Unrestricted,0
805,17031,0,5,0.033848262366297045,0,0.0,Urban Unrestricted,0
807,17031,0,5,0.02700160542267509,0,0.0,Urban Unrestricted,0
808,17031,0,5,0.030512695042729503,0,0.0,Urban Unrestricted,0
810,17031,0,5,0.021225624035960233,0,0.0,Urban Unrestricted,0
813,17031,0,5,0.0380551744804027,0,0.0,Urban Unrestricted,0
816,17031,0,5,0.04420786827103394,0,0.0,Urban Unrestricted,0
817,17031,0,5,0.028846735070220064,0,0.0,Urban Unrestricted,0
818,17031,0,5,0.027525087483807543,0,0.0,Urban Unrestricted,0
819,17031,0,5,0.028649363052073933,0,0.0,Urban Unrestricted,0
820,17031,0,5,0.02679901107568409,0,0.0,Urban Unrestricted,0
821,17031,0,5,0.03379751193329906,0,0.0,Urban Unrestricted,0
822,17031,0,5,0.02943168145429271,0,0.0,Urban Unrestricted,0
826,17031,0,5,0.05746701555925607,0,0.0,Urban Unrestricted,0
833,17031,0,5,0.01180766600067295,0,0.0,Urban Unrestricted,0
835,17031,0,5,0.04006695484442472,0,0.0,Urban Unrestricted,0
842,17031,0,5,0.00618280755462113,0,0.0,Urban Unrestricted,0
844,17031,0,5,0.08715334260558552,0,0.0,Urban Unrestricted,0
845,17031,0,5,0.007194984070558687,0,0.0,Urban Unrestricted,0
849,17031,0,5,0.05624950508622679,0,0.0,Urban Unrestricted,0
851,17031,0,5,0.13241095139472864,0,0.0,Urban Unrestricted,0
854,17031,0,5,0.13710972225363502,0,0.0,Urban Unrestricted,0
855,17031,0,5,0.04585303216609951,0,0.0,Urban Unrestricted,0
856,17031,0,5,0.08748618694732838,0,0.0,Urban Unrestricted,0
857,17031,0,5,0.08881832031872265,0,0.0,Urban Unrestricted,0
858,17031,0,5,0.08863056789000857,0,0.0,Urban Unrestricted,0
859,17031,0,5,0.033607918183904996,0,0.0,Urban Unrestricted,0
861,17031,0,5,0.016045681994745938,0,0.0,Urban Unrestricted,0
862,17031,0,5,0.04889832906589863,0,0.0,Urban Unrestricted,0
863,17031,0,5,0.04103120253249684,0,0.0,Urban Unrestricted,0
864,17031,0,5,0.033676035006830966,0,0.0,Urban Unrestricted,0
865,17031,0,5,0.008618872535301985,0,0.0,Urban Unrestricted,0
868,17031,0,5,0.059867650493770026,0,0.0,Urban Unrestricted,0
869,17031,0,5,0.0074646342512402555,0,0.0,Urban Unrestricted,0
873,17031,0,5,0.14314044098255443,0,0.0,Urban Unrestricted,0
874,17031,0,5,0.0070784471232168775,0,0.0,Urban Unrestricted,0
877,17031,0,5,0.03536649153811481,0,0.0,Urban Unrestricted,0
878,17031,0,5,0.04277547232642221,0,0.0,Urban Unrestricted,0
879,17031,0,5,0.02772972685410211,0,0.0,Urban Unrestricted,0
881,17031,0,5,0.038327557680098975,0,0.0,Urban Unrestricted,0
882,17031,0,5,0.037412857690355926,0,0.0,Urban Unrestricted,0
883,17031,0,5,0.038819128671990055,0,0.0,Urban Unrestricted,0
885,17031,0,5,0.004415134302406605,0,0.0,Urban Unrestricted,0
891,17031,0,5,0.11053722954231247,0,0.0,Urban Unrestricted,0
906,17031,0,5,0.07508925731405307,0,0.0,Urban Unrestricted,0
909,17031,0,5,0.18782466954888555,0,0.0,Urban Unrestricted,0
911,17031,0,5,0.046393873693873204,0,0.0,Urban Unrestricted,0
913,17031,0,5,0.01989362937051427,0,0.0,Urban Unrestricted,0
914,17031,0,5,0.06445407739065823,0,0.0,Urban Unrestricted,0
915,17031,0,5,0.01087613839937991,0,0.0,Urban Unrestricted,0
916,17031,0,5,0.01943982920008247,0,0.0,Urban Unrestricted,0
918,17031,0,5,0.0698214875936008,0,0.0,Urban Unrestricted,0
920,17031,0,5,0.0889910994462859,0,0.0,Urban Unrestricted,0
921,17031,0,5,0.08716167395137608,0,0.0,Urban Unrestricted,0
922,17031,0,5,0.04231000736683645,0,0.0,Urban Unrestricted,0
923,17031,0,5,0.047560780452225226,0,0.0,Urban Unrestricted,0
924,17031,0,5,0.0172989338996923,0,0.0,Urban Unrestricted,0
929,17031,0,5,0.0630246185835564,0,0.0,Urban Unrestricted,0
930,17031,0,5,0.05868393212317911,0,0.0,Urban Unrestricted,0
931,17031,0,5,0.01664399295412478,0,0.0,Urban Unrestricted,0
932,17031,0,5,0.037724048084059936,0,0.0,Urban Unrestricted,0
933,17031,0,5,0.037903556213078275,0,0.0,Urban Unrestricted,0
934,17031,0,5,0.028159282087657767,0,0.0,Urban Unrestricted,0
935,17031,0,5,0.005732812469183441,0,0.0,Urban Unrestricted,0
937,17031,0,5,0.005908035007526284,0,0.0,Urban Unrestricted,0
938,17031,0,5,0.06886853861839766,0,0.0,Urban Unrestricted,0
942,17031,0,5,0.010578724914255298,0,0.0,Urban Unrestricted,0
944,17031,0,5,0.15872862056493203,0,0.0,Urban Unrestricted,0
950,17031,0,5,0.029806496056679368,0,0.0,Urban Unrestricted,0
951,17031,0,5,0.04022322776698012,0,0.0,Urban Unrestricted,0
953,17031,0,5,0.009947697522284577,0,0.0,Urban Unrestricted,0
954,17031,0,5,0.07208941593051237,0,0.0,Urban Unrestricted,0
958,17031,0,5,0.00606790347037742,0,0.0,Urban Unrestricted,0
961,17031,0,5,0.01373166561015865,0,0.0,Urban Unrestricted,0
962,17031,0,5,0.006464562027634503,0,0.0,Urban Unrestricted,0
964,17031,0,5,0.00850433885897956,0,0.0,Urban Unrestricted,0
965,17031,0,5,0.15643847543331407,0,0.0,Urban Unrestricted,0
966,17031,0,5,0.10166991890846552,0,0.0,Urban Unrestricted,0
967,17031,0,5,0.03566106600031714,0,0.0,Urban Unrestricted,0
970,17031,0,5,0.0886079336437512,0,0.0,Urban Unrestricted,0
972,17031,0,5,0.060053295537880774,0,0.0,Urban Unrestricted,0
974,17031,0,5,0.005743234928867959,0,0.0,Urban Unrestricted,0
977,17031,0,5,0.0064561302671266516,0,0.0,Urban Unrestricted,0
978,17031,0,5,0.04932863325170985,0,0.0,Urban Unrestricted,0
979,17031,0,5,0.05123697900767967,0,0.0,Urban Unrestricted,0
980,17031,0,5,0.09241103299624635,0,0.0,Urban Unrestricted,0
981,17031,0,5,0.029060834243649247,0,0.0,Urban Unrestricted,0
982,17031,0,5,0.012018766138587647,0,0.0,Urban Unrestricted,0
983,17031,0,5,0.013451050259807704,0,0.0,Urban Unrestricted,0
984,17031,0,5,0.033835201061370626,0,0.0,Urban Unrestricted,0
985,17031,0,5,0.03630095301272384,0,0.0,Urban Unrestricted,0
986,17031,0,5,0.06371007634593562,0,0.0,Urban Unrestricted,0
988,17031,0,5,0.027595763860591416,0,0.0,Urban Unrestricted,0
994,17031,0,5,0.008726688781703348,0,0.0,Urban Unrestricted,0
995,17031,0,5,0.0795445295996466,0,0.0,Urban Unrestricted,0
996,17031,0,5,0.1098100513786114,0,0.0,Urban Unrestricted,0
997,17031,0,5,0.009126672300564019,0,0.0,Urban Unrestricted,0
998,17031,0,5,0.046479405992751015,0,0.0,Urban Unrestricted,0
999,17031,0,5,0.042929681426596845,0,0.0,Urban Unrestricted,0
1000,17031,0,5,0.08693246263927462,0,0.0,Urban Unrestricted,0
1001,17031,0,5,0.051724277459954664,0,0.0,Urban Unrestricted,0
1002,17031,0,5,0.034945743229293544,0,0.0,Urban Unrestricted,0
1003,17031,0,5,0.009114776530163233,0,0.0,Urban Unrestricted,0
1004,17031,0,5,0.05528067718950079,0,0.0,Urban Unrestricted,0
1005,17031,0,5,0.02680412284723428,0,0.0,Urban Unrestricted,0
1007,17031,0,5,0.07191132581312774,0,0.0,Urban Unrestricted,0
1008,17031,0,5,0.028545983322582822,0,0.0,Urban Unrestricted,0
1010,17031,0,5,0.018837716923616434,0,0.0,Urban Unrestricted,0
1011,17031,0,5,0.003167506483016697,0,0.0,Urban Unrestricted,0
1013,17031,0,5,0.03035352163771759,0,0.0,Urban Unrestricted,0
1015,17031,0,5,0.03923510087678744,0,0.0,Urban Unrestricted,0
1016,17031,0,5,0.043349726985361596,0,0.0,Urban Unrestricted,0
1018,17031,0,5,0.006047466146975833,0,0.0,Urban Unrestricted,0
1020,17031,0,5,0.006702628543750341,0,0.0,Urban Unrestricted,0
1021,17031,0,5,0.1570574977674754,0,0.0,Urban Unrestricted,0
1023,17031,0,5,0.003848649076422401,0,0.0,Urban Unrestricted,0
1024,17031,0,5,0.007464087530429937,0,0.0,Urban Unrestricted,0
1025,17031,0,5,0.05318369457314045,0,0.0,Urban Unrestricted,0
1030,17031,0,5,0.005258414407105819,0,0.0,Urban Unrestricted,0
1031,17031,0,5,0.004873560650961613,0,0.0,Urban Unrestricted,0
1033,17031,0,5,0.06300883822138661,0,0.0,Urban Unrestricted,0
1041,17031,0,5,0.05765629931345233,0,0.0,Urban Unrestricted,0
1042,17031,0,5,0.01250912689095378,0,0.0,Urban Unrestricted,0
1044,17031,0,5,0.011389412530267519,0,0.0,Urban Unrestricted,0
1047,17031,0,5,0.007140397569066792,0,0.0,Urban Unrestricted,0
1050,17031,0,5,0.020550211392347074,0,0.0,Urban Unrestricted,0
1052,17031,0,5,0.03136965614526624,0,0.0,Urban Unrestricted,0
1057,17031,0,5,0.15487336701956655,0,0.0,Urban Unrestricted,0
1059,17031,0,5,0.07794687179891857,0,0.0,Urban Unrestricted,0
1060,17031,0,5,0.010899347610185453,0,0.0,Urban Unrestricted,0
1062,17031,0,5,0.005098244391144796,0,0.0,Urban Unrestricted,0
1063,17031,0,5,0.07642711913523681,0,0.0,Urban Unrestricted,0
1064,17031,0,5,0.07646815438136456,0,0.0,Urban Unrestricted,0
1068,17031,0,5,0.04068653608799932,0,0.0,Urban Unrestricted,0
1070,17031,0,5,0.031028549132001225,0,0.0,Urban Unrestricted,0
1072,17031,0,5,0.08364264966911811,0,0.0,Urban Unrestricted,0
1079,17031,0,5,0.025753472897393503,0,0.0,Urban Unrestricted,0
1081,17031,0,5,0.06453809679866573,0,0.0,Urban Unrestricted,0
1083,17031,0,5,0.06596005201070657,0,0.0,Urban Unrestricted,0
1084,17031,0,5,0.08967468449191951,0,0.0,Urban Unrestricted,0
1086,17031,0,5,0.014851068599139322,0,0.0,Urban Unrestricted,0
1087,17031,0,5,0.08793581534009205,0,0.0,Urban Unrestricted,0
1089,17031,0,5,0.009726039726600143,0,0.0,Urban Unrestricted,0
1091,17031,0,5,0.04873813624727701,0,0.0,Urban Unrestricted,0
1092,17031,0,5,0.07597514790410376,0,0.0,Urban Unrestricted,0
1094,17031,0,5,0.011052556308515293,0,0.0,Urban Unrestricted,0
1096,17031,0,5,0.027503833739963592,0,0.0,Urban Unrestricted,0
1098,17031,0,5,0.016174833311856467,0,0.0,Urban Unrestricted,0
1099,17031,0,5,0.042272062109794686,0,0.0,Urban Unrestricted,0
1100,17031,0,5,0.04454813995203356,0,0.0,Urban Unrestricted,0
1102,17031,0,5,0.03322389766007214,0,0.0,Urban Unrestricted,0
1104,17031,0,5,0.02296229441015084,0,0.0,Urban Unrestricted,0
1107,17031,0,5,0.0371604614553081,0,0.0,Urban Unrestricted,0
1109,17031,0,5,0.0770724579373073,0,0.0,Urban Unrestricted,0
1110,17031,0,5,0.0870099820150643,0,0.0,Urban Unrestricted,0
1112,17031,0,5,0.07405186465883441,0,0.0,Urban Unrestricted,0
1117,17031,0,5,5.1495068767943496e-06,0,0.0,Urban Unrestricted,0
1118,17031,0,5,0.07651141522164155,0,0.0,Urban Unrestricted,0
1119,17031,0,5,0.07657864876422438,0,0.0,Urban Unrestricted,0
1123,17031,0,5,0.05161880109172547,0,0.0,Urban Unrestricted,0
1127,17031,0,5,0.0048357045223941355,0,0.0,Urban Unrestricted,0
1128,17031,0,5,0.025483730039859168,0,0.0,Urban Unrestricted,0
1131,17031,0,5,0.014781986647144744,0,0.0,Urban Unrestricted,0
1132,17031,0,5,0.007763225362894367,0,0.0,Urban Unrestricted,0
1135,17031,0,5,0.035053986109125884,0,0.0,Urban Unrestricted,0
1136,17031,0,5,0.037001857181311576,0,0.0,Urban Unrestricted,0
1139,17031,0,5,0.06298545874485145,0,0.0,Urban Unrestricted,0
1140,17031,0,5,0.005561521955505271,0,0.0,Urban Unrestricted,0
1142,17031,0,5,0.07213166014597312,0,0.0,Urban Unrestricted,0
1143,17031,0,5,0.005253143467066506,0,0.0,Urban Unrestricted,0
1151,17031,0,5,0.007941454022045867,0,0.0,Urban Unrestricted,0
1154,17031,0,5,0.07488909791526216,0,0.0,Urban Unrestricted,0
1156,17031,0,5,0.05678984444382829,0,0.0,Urban Unrestricted,0
1158,17031,0,5,0.006156664010616877,0,0.0,Urban Unrestricted,0
1159,17031,0,5,0.003784316351610569,0,0.0,Urban Unrestricted,0
1167,17031,0,5,0.006149877443808182,0,0.0,Urban Unrestricted,0
1168,17031,0,5,0.009877954593016177,0,0.0,Urban Unrestricted,0
1169,17031,0,5,0.13772397827519486,0,0.0,Urban Unrestricted,0
1171,17031,0,5,0.046602022249586095,0,0.0,Urban Unrestricted,0
1173,17031,0,5,0.09252849775991308,0,0.0,Urban Unrestricted,0
1179,17031,0,5,0.00453886049772232,0,0.0,Urban Unrestricted,0
1180,17031,0,5,0.02857390011451304,0,0.0,Urban Unrestricted,0
1181,17031,0,5,0.012978937166133913,0,0.0,Urban Unrestricted,0
1182,17031,0,5,0.004856575036802141,0,0.0,Urban Unrestricted,0
1186,17031,0,5,0.016159396099246923,0,0.0,Urban Unrestricted,0
1189,17031,0,5,0.009471263102707725,0,0.0,Urban Unrestricted,0
1191,17031,0,5,0.005700883986834181,0,0.0,Urban Unrestricted,0
1192,17031,0,5,0.009116924636711184,0,0.0,Urban Unrestricted,0
1194,17031,0,5,0.061596403305158906,0,0.0,Urban Unrestricted,0
1196,17031,0,5,0.0055928603451018445,0,0.0,Urban Unrestricted,0
1198,17031,0,5,0.07432729954408904,0,0.0,Urban Unrestricted,0
1202,17031,0,5,0.06981925606778774,0,0.0,Urban Unrestricted,0
1203,17031,0,5,0.060226800866614985,0,0.0,Urban Unrestricted,0
1205,17031,0,5,0.008951920141409612,0,0.0,Urban Unrestricted,0
1206,17031,0,5,0.06160867115926786,0,0.0,Urban Unrestricted,0
1208,17031,0,5,0.014962528083489404,0,0.0,Urban Unrestricted,0
1209,17031,0,5,0.010495100912901973,0,0.0,Urban Unrestricted,0
1210,17031,0,5,0.05277939363581512,0,0.0,Urban Unrestricted,0
1213,17031,0,5,0.004333210644240921,0,0.0,Urban Unrestricted,0
1215,17031,0,5,0.05146201548306311,0,0.0,Urban Unrestricted,0
1222,17031,0,4,0.047845945545635836,0,0.0,Urban Restricted,0
1223,17031,0,4,0.12929910704318945,0,0.0,Urban Restricted,0
1225,17031,0,5,0.011524579510993031,0,0.0,Urban Unrestricted,0
1226,17031,0,5,0.01025785361175328,0,0.0,Urban Unrestricted,0
1227,17031,0,5,0.06872045056601844,0,0.0,Urban Unrestricted,0
1229,17031,0,5,0.021870162639439972,0,0.0,Urban Unrestricted,0
1231,17031,0,5,0.01148339822111206,0,0.0,Urban Unrestricted,0
1232,17031,0,5,0.003816840940773269,0,0.0,Urban Unrestricted,0
1233,17031,0,5,0.002080410641531082,0,0.0,Urban Unrestricted,0
1235,17031,0,5,0.007889918847233154,0,0.0,Urban Unrestricted,0
1237,17031,0,5,0.016258952536330466,0,0.0,Urban Unrestricted,0
1240,17031,0,5,0.06866712895811239,0,0.0,Urban Unrestricted,0
1241,17031,0,5,0.007157443716863721,0,0.0,Urban Unrestricted,0
1245,17031,0,5,0.014649193345732645,0,0.0,Urban Unrestricted,0
1249,17031,0,5,0.03858423641932692,0,0.0,Urban Unrestricted,0
1251,17031,0,5,0.005429976300835774,0,0.0,Urban Unrestricted,0
1259,17031,0,5,0.03515772362176676,0,0.0,Urban Unrestricted,0
1260,17031,0,5,0.07572857027704295,0,0.0,Urban Unrestricted,0
1261,17031,0,5,0.04426303749071656,0,0.0,Urban Unrestricted,0
1262,17031,0,5,0.04509347230168633,0,0.0,Urban Unrestricted,0
1263,17031,0,5,0.05073298892673492,0,0.0,Urban Unrestricted,0
1264,17031,0,5,0.05624305796886541,0,0.0,Urban Unrestricted,0
1265,17031,0,5,0.00334208508631021,0,0.0,Urban Unrestricted,0
1266,17031,0,5,0.03134536984279773,0,0.0,Urban Unrestricted,0
1267,17031,0,5,0.02833601865297928,0,0.0,Urban Unrestricted,0
1268,17031,0,5,0.04694666952204923,0,0.0,Urban Unrestricted,0
1269,17031,0,5,0.024019332640514923,0,0.0,Urban Unrestricted,0
1270,17031,0,5,0.006011357651322028,0,0.0,Urban Unrestricted,0
1271,17031,0,5,0.07659876972708646,0,0.0,Urban Unrestricted,0
1272,17031,0,5,0.06757306760031816,0,0.0,Urban Unrestricted,0
1273,17031,0,5,0.05584725581451325,0,0.0,Urban Unrestricted,0
1274,17031,0,5,0.05255405840173197,0,0.0,Urban Unrestricted,0
1275,17031,0,5,0.04336601360180772,0,0.0,Urban Unrestricted,0
1276,17031,0,5,0.013110880419716817,0,0.0,Urban Unrestricted,0
1277,17031,0,5,0.025128454538159643,0,0.0,Urban Unrestricted,0
1278,17031,0,5,0.03711156154577114,0,0.0,Urban Unrestricted,0
1279,17031,0,5,0.03685557874224335,0,0.0,Urban Unrestricted,0
1280,17031,0,5,0.06434342085611325,0,0.0,Urban Unrestricted,0
1281,17031,0,5,0.03085710941287809,0,0.0,Urban Unrestricted,0
1282,17031,0,5,0.02255479654180098,0,0.0,Urban Unrestricted,0
1283,17031,0,5,0.03405348981796872,0,0.0,Urban Unrestricted,0
1284,17031,0,5,0.044604542973988186,0,0.0,Urban Unrestricted,0
1285,17031,0,5,0.04387106186305101,0,0.0,Urban Unrestricted,0
1286,17031,0,5,0.08673893893538714,0,0.0,Urban Unrestricted,0
1288,17031,0,5,0.012792547396060406,0,0.0,Urban Unrestricted,0
1289,17031,0,5,0.02227115138999373,0,0.0,Urban Unrestricted,0
1290,17031,0,5,0.04970189157858071,0,0.0,Urban Unrestricted,0
1291,17031,0,5,0.05359797569110068,0,0.0,Urban Unrestricted,0
1292,17031,0,5,0.02006327967643188,0,0.0,Urban Unrestricted,0
1293,17031,0,5,0.0026220699206139925,0,0.0,Urban Unrestricted,0
1294,17031,0,5,0.031058562147569954,0,0.0,Urban Unrestricted,0
1295,17031,0,5,0.05401704828896293,0,0.0,Urban Unrestricted,0
1296,17031,0,5,0.05316765166266458,0,0.0,Urban Unrestricted,0
1297,17031,0,5,0.04973752949931248,0,0.0,Urban Unrestricted,0
1302,17031,0,5,0.012722583267494533,0,0.0,Urban Unrestricted,0
1303,17031,0,5,0.020021325514144997,0,0.0,Urban Unrestricted,0
1304,17031,0,5,0.02258658951530294,0,0.0,Urban Unrestricted,0
1305,17031,0,5,0.07659111613801696,0,0.0,Urban Unrestricted,0
1307,17031,0,5,0.04305644623166783,0,0.0,Urban Unrestricted,0
1308,17031,0,4,0.22508827833912629,0,0.0,Urban Restricted,0
1312,17031,0,4,0.004146304598621611,0,0.0,Urban Restricted,0
1315,17031,0,4,0.004319884488640373,0,0.0,Urban Restricted,0
1317,17031,0,5,0.008987208234096043,0,0.0,Urban Unrestricted,0
1320,17031,0,5,0.007724574431966115,0,0.0,Urban Unrestricted,0
1330,17031,0,5,0.06783841260054707,0,0.0,Urban Unrestricted,0
1331,17031,0,5,0.016864630645777774,0,0.0,Urban Unrestricted,0
1336,17031,0,4,0.18961502171163597,0,0.0,Urban Restricted,0
1338,17031,0,4,0.058009259773812626,0,0.0,Urban Restricted,0
1351,17031,0,5,0.030689421810643602,0,0.0,Urban Unrestricted,0
1352,17031,0,5,0.02296372150365579,0,0.0,Urban Unrestricted,0
1353,17031,0,5,0.002788948411407505,0,0.0,Urban Unrestricted,0
1359,17031,0,5,0.05165163977930999,0,0.0,Urban Unrestricted,0
1364,17031,0,5,0.011118271336480558,0,0.0,Urban Unrestricted,0
1367,17031,0,5,0.03327902174900523,0,0.0,Urban Unrestricted,0
1369,17031,0,5,0.058036651193964985,0,0.0,Urban Unrestricted,0
1370,17031,0,5,0.04361328881134709,0,0.0,Urban Unrestricted,0
1371,17031,0,5,0.04350893489185312,0,0.0,Urban Unrestricted,0
1372,17031,0,5,0.04515371002129649,0,0.0,Urban Unrestricted,0
1373,17031,0,5,0.04362688211047085,0,0.0,Urban Unrestricted,0
1374,17031,0,5,0.044431750569125635,0,0.0,Urban Unrestricted,0
1375,17031,0,5,0.04386339060972326,0,0.0,Urban Unrestricted,0
1377,17031,0,5,0.04273097219612045,0,0.0,Urban Unrestricted,0
1378,17031,0,5,0.013189081463242125,0,0.0,Urban Unrestricted,0
1379,17031,0,5,0.03432738591242123,0,0.0,Urban Unrestricted,0
1381,17031,0,5,0.11038894037004213,0,0.0,Urban Unrestricted,0
1383,17031,0,5,0.06003595206777092,0,0.0,Urban Unrestricted,0
1384,17031,0,5,0.0017710358514145242,0,0.0,Urban Unrestricted,0
1385,17031,0,5,0.02293374089035779,0,0.0,Urban Unrestricted,0
1386,17031,0,5,0.017253812691007005,0,0.0,Urban Unrestricted,0
1388,17031,0,5,0.07781569295216956,0,0.0,Urban Unrestricted,0
1389,17031,0,5,0.07612009321981801,0,0.0,Urban Unrestricted,0
1390,17031,0,5,0.07887200236075584,0,0.0,Urban Unrestricted,0
1391,17031,0,5,0.024978259213232278,0,0.0,Urban Unrestricted,0
1392,17031,0,5,0.01773670919476025,0,0.0,Urban Unrestricted,0
1394,17031,0,5,0.00884449108500925,0,0.0,Urban Unrestricted,0
1395,17031,0,5,0.014119549977997792,0,0.0,Urban Unrestricted,0
1396,17031,0,5,0.022020163702140653,0,0.0,Urban Unrestricted,0
1399,17031,0,5,0.028699416789005484,0,0.0,Urban Unrestricted,0
1401,17031,0,5,0.027712578394769524,0,0.0,Urban Unrestricted,0
1402,17031,0,5,0.04890682331536121,0,0.0,Urban Unrestricted,0
1403,17031,0,5,0.03583685437328186,0,0.0,Urban Unrestricted,0
1404,17031,0,5,0.02249438679312622,0,0.0,Urban Unrestricted,0
1405,17031,0,5,0.014913852083935895,0,0.0,Urban Unrestricted,0
1406,17031,0,5,0.03836610035394966,0,0.0,Urban Unrestricted,0
1407,17031,0,5,0.07558364461379644,0,0.0,Urban Unrestricted,0
1409,17031,0,5,0.08327069765975065,0,0.0,Urban Unrestricted,0
1414,17031,0,5,0.04916249646298822,0,0.0,Urban Unrestricted,0
1416,17031,0,5,0.05521348569680609,0,0.0,Urban Unrestricted,0
1418,17031,0,5,0.07230800664237057,0,0.0,Urban Unrestricted,0
1420,17031,0,5,0.06742850312224002,0,0.0,Urban Unrestricted,0
1422,17031,0,5,0.05895008503405352,0,0.0,Urban Unrestricted,0
1423,17031,0,5,0.044260268633891445,0,0.0,Urban Unrestricted,0
1425,17031,0,5,0.019447678250565814,0,0.0,Urban Unrestricted,0
1426,17031,0,5,0.04426819251760747,0,0.0,Urban Unrestricted,0
1427,17031,0,5,0.044766154120706184,0,0.0,Urban Unrestricted,0
1428,17031,0,5,0.04304344872974338,0,0.0,Urban Unrestricted,0
1429,17031,0,5,0.043447018836611645,0,0.0,Urban Unrestricted,0
1431,17031,0,5,0.01986126924726145,0,0.0,Urban Unrestricted,0
1432,17031,0,5,0.0085435333167463,0,0.0,Urban Unrestricted,0
1433,17031,0,5,0.043895893969105315,0,0.0,Urban Unrestricted,0
1434,17031,0,5,0.01901498775180584,0,0.0,Urban Unrestricted,0
1440,17031,0,5,0.06995780741725219,0,0.0,Urban Unrestricted,0
1441,17031,0,5,0.010738235804558932,0,0.0,Urban Unrestricted,0
1442,17031,0,5,0.07043968006915824,0,0.0,Urban Unrestricted,0
1443,17031,0,5,0.08853446092386498,0,0.0,Urban Unrestricted,0
1444,17031,0,5,0.07584340503024825,0,0.0,Urban Unrestricted,0
1446,17031,0,5,0.052436707099061966,0,0.0,Urban Unrestricted,0
1447,17031,0,5,0.04380322688657077,0,0.0,Urban Unrestricted,0
1448,17031,0,5,0.04426662309393122,0,0.0,Urban Unrestricted,0
1450,17031,0,5,0.009535012076697094,0,0.0,Urban Unrestricted,0
1452,17031,0,5,0.041915598760129014,0,0.0,Urban Unrestricted,0
1453,17031,0,5,0.03001769734238457,0,0.0,Urban Unrestricted,0
1454,17031,0,5,0.04829026090338532,0,0.0,Urban Unrestricted,0
1456,17031,0,5,0.003816082887978943,0,0.0,Urban Unrestricted,0
1464,17031,0,5,0.03255438073987754,0,0.0,Urban Unrestricted,0
1466,17031,0,5,0.025140391905750757,0,0.0,Urban Unrestricted,0
1467,17031,0,5,0.007223286739360973,0,0.0,Urban Unrestricted,0
1468,17031,0,5,0.006669714375217713,0,0.0,Urban Unrestricted,0
1469,17031,0,5,0.023769219078904655,0,0.0,Urban Unrestricted,0
1475,17031,0,5,0.014923489032600067,0,0.0,Urban Unrestricted,0
1478,17031,0,5,0.0373299865582261,0,0.0,Urban Unrestricted,0
1482,17031,0,5,0.007050783817916283,0,0.0,Urban Unrestricted,0
1483,17031,0,5,0.00806676620902633,0,0.0,Urban Unrestricted,0
1484,17031,0,5,0.029308294426498772,0,0.0,Urban Unrestricted,0
1485,17031,0,5,0.006065256344443136,0,0.0,Urban Unrestricted,0
1486,17031,0,5,0.08528817521729026,0,0.0,Urban Unrestricted,0
1487,17031,0,5,0.08847370813151312,0,0.0,Urban Unrestricted,0
1488,17031,0,5,0.08834268668206555,0,0.0,Urban Unrestricted,0
1489,17031,0,5,0.08935285031498603,0,0.0,Urban Unrestricted,0
1490,17031,0,5,0.08903757698299238,0,0.0,Urban Unrestricted,0
1508,17031,0,5,0.00601970427860766,0,0.0,Urban Unrestricted,0
1519,17031,0,5,0.04477253042106052,0,0.0,Urban Unrestricted,0
1521,17031,0,5,0.015655642655418033,0,0.0,Urban Unrestricted,0
1522,17031,0,5,0.04373848830157396,0,0.0,Urban Unrestricted,0
1523,17031,0,5,0.04334647873421543,0,0.0,Urban Unrestricted,0
1524,17031,0,5,0.00683927987814635,0,0.0,Urban Unrestricted,0
1525,17031,0,5,0.005803969250906765,0,0.0,Urban Unrestricted,0
1526,17031,0,5,0.0029199674739530967,0,0.0,Urban Unrestricted,0
1530,17031,0,5,0.0079485522577415,0,0.0,Urban Unrestricted,0
1531,17031,0,5,0.03526262942973864,0,0.0,Urban Unrestricted,0
1541,17031,0,5,0.02284306035856957,0,0.0,Urban Unrestricted,0
1546,17031,0,5,0.008971480062707893,0,0.0,Urban Unrestricted,0
1556,17031,0,5,0.015963958226872545,0,0.0,Urban Unrestricted,0
1557,17031,0,5,0.014924076538636888,0,0.0,Urban Unrestricted,0
1575,17031,0,5,0.025716643906209237,0,0.0,Urban Unrestricted,0
1576,17031,0,5,0.006487742485323028,0,0.0,Urban Unrestricted,0
1577,17031,0,5,0.013492159906918459,0,0.0,Urban Unrestricted,0
1578,17031,0,5,0.04194683637330771,0,0.0,Urban Unrestricted,0
1580,17031,0,5,0.009766448900573873,0,0.0,Urban Unrestricted,0
1581,17031,0,5,0.007768713234157198,0,0.0,Urban Unrestricted,0
1582,17031,0,5,0.07876488262675764,0,0.0,Urban Unrestricted,0
1585,17031,0,5,0.06356728488463201,0,0.0,Urban Unrestricted,0
1589,17031,0,5,0.08841374291560758,0,0.0,Urban Unrestricted,0
1590,17031,0,5,0.0872969678662095,0,0.0,Urban Unrestricted,0
1592,17031,0,5,0.04202067001124576,0,0.0,Urban Unrestricted,0
1594,17031,0,5,0.06950467709262859,0,0.0,Urban Unrestricted,0
1596,17031,0,5,0.15230361452780877,0,0.0,Urban Unrestricted,0
1597,17031,0,5,0.028219405996142245,0,0.0,Urban Unrestricted,0
1598,17031,0,5,0.13300224504540695,0,0.0,Urban Unrestricted,0
1599,17031,0,5,0.043514082210450396,0,0.0,Urban Unrestricted,0
1600,17031,0,5,0.04436228094978461,0,0.0,Urban Unrestricted,0
1601,17031,0,5,0.04593778891459563,0,0.0,Urban Unrestricted,0
1602,17031,0,5,0.041593097064666094,0,0.0,Urban Unrestricted,0
1603,17031,0,5,0.0646861458011506,0,0.0,Urban Unrestricted,0
1604,17031,0,5,0.03670029870315934,0,0.0,Urban Unrestricted,0
1605,17031,0,5,0.020031106151170954,0,0.0,Urban Unrestricted,0
1606,17031,0,5,0.04242865108408563,0,0.0,Urban Unrestricted,0
1607,17031,0,5,0.007147998700883294,0,0.0,Urban Unrestricted,0
1609,17031,0,5,0.08231776831121423,0,0.0,Urban Unrestricted,0
1614,17031,0,5,0.08099687198321064,0,0.0,Urban Unrestricted,0
1615,17031,0,5,0.07573346476523363,0,0.0,Urban Unrestricted,0
1616,17031,0,5,0.03792196880796854,0,0.0,Urban Unrestricted,0
1617,17031,0,5,0.010358692649262783,0,0.0,Urban Unrestricted,0
1619,17031,0,5,0.02310238073990908,0,0.0,Urban Unrestricted,0
1620,17031,0,5,0.046658156964481834,0,0.0,Urban Unrestricted,0
1622,17031,0,5,0.05359992561919232,0,0.0,Urban Unrestricted,0
1625,17031,0,4,0.07252705710639437,0,0.0,Urban Restricted,0
1628,17031,0,5,0.09224794377722477,0,0.0,Urban Unrestricted,0
1629,17031,0,5,0.08158081663009505,0,0.0,Urban Unrestricted,0
1630,17031,0,5,0.0885785281428124,0,0.0,Urban Unrestricted,0
1632,17031,0,5,0.08843605414885478,0,0.0,Urban Unrestricted,0
1635,17031,0,5,0.03032227553293044,0,0.0,Urban Unrestricted,0
1636,17031,0,5,0.08759068814218628,0,0.0,Urban Unrestricted,0
1637,17031,0,5,0.08839177954402391,0,0.0,Urban Unrestricted,0
1638,17031,0,5,0.08590659101345048,0,0.0,Urban Unrestricted,0
1639,17031,0,5,0.08870689613922182,0,0.0,Urban Unrestricted,0
1641,17031,0,5,0.06934960158382258,0,0.0,Urban Unrestricted,0
1642,17031,0,5,0.16118666644901145,0,0.0,Urban Unrestricted,0
1644,17031,0,5,0.1566590001381193,0,0.0,Urban Unrestricted,0
1645,17031,0,5,0.07023245885543856,0,0.0,Urban Unrestricted,0
1647,17031,0,5,0.025912691032196886,0,0.0,Urban Unrestricted,0
1648,17031,0,5,0.1611527913403047,0,0.0,Urban Unrestricted,0
1649,17031,0,5,0.07384104940804197,0,0.0,Urban Unrestricted,0
1650,17031,0,5,0.07071066674559018,0,0.0,Urban Unrestricted,0
1652,17031,0,5,0.08903457141680635,0,0.0,Urban Unrestricted,0
1653,17031,0,5,0.010569106999207843,0,0.0,Urban Unrestricted,0
1657,17031,0,5,0.07796134786205584,0,0.0,Urban Unrestricted,0
1658,17031,0,5,0.08836312705176348,0,0.0,Urban Unrestricted,0
1661,17031,0,5,0.08593101130749788,0,0.0,Urban Unrestricted,0
1662,17031,0,5,0.08844016193027053,0,0.0,Urban Unrestricted,0
1663,17031,0,5,0.11592334256366604,0,0.0,Urban Unrestricted,0
1664,17031,0,5,0.0904016211804595,0,0.0,Urban Unrestricted,0
1665,17031,0,5,0.03353737949752871,0,0.0,Urban Unrestricted,0
1666,17031,0,5,0.00886766486777047,0,0.0,Urban Unrestricted,0
1667,17031,0,5,0.21834944476648627,0,0.0,Urban Unrestricted,0
1671,17031,0,5,0.1267387707955479,0,0.0,Urban Unrestricted,0
1674,17031,0,5,0.07206712535102384,0,0.0,Urban Unrestricted,0
1680,17031,0,4,0.05508028979935257,0,0.0,Urban Restricted,0
1681,17031,0,4,0.011119573612633956,0,0.0,Urban Restricted,0
1692,17031,0,5,0.05587207382798002,0,0.0,Urban Unrestricted,0
1693,17031,0,5,0.02846696836902011,0,0.0,Urban Unrestricted,0
1694,17031,0,5,0.027486983233931762,0,0.0,Urban Unrestricted,0
1695,17031,0,5,0.027816174119726256,0,0.0,Urban Unrestricted,0
1696,17031,0,5,0.027587719677260644,0,0.0,Urban Unrestricted,0
1698,17031,0,5,0.12825340606595526,0,0.0,Urban Unrestricted,0
1700,17031,0,5,0.15034640127442758,0,0.0,Urban Unrestricted,0
1703,17031,0,5,0.04723967318353733,0,0.0,Urban Unrestricted,0
1726,17031,0,5,0.03642045534680845,0,0.0,Urban Unrestricted,0
1736,17031,0,5,0.014910846191078247,0,0.0,Urban Unrestricted,0
1776,17031,0,5,0.0064820995207627834,0,0.0,Urban Unrestricted,0
1779,17031,0,5,0.009956462228125037,0,0.0,Urban Unrestricted,0
1781,17031,0,5,0.0665443357259034,0,0.0,Urban Unrestricted,0
1782,17031,0,5,0.07194961233625996,0,0.0,Urban Unrestricted,0
1786,17031,0,5,0.022448016204172385,0,0.0,Urban Unrestricted,0
1792,17031,0,5,0.07285014494630017,0,0.0,Urban Unrestricted,0
1803,17031,0,5,0.062268023949102067,0,0.0,Urban Unrestricted,0
1806,17031,0,5,0.06242093632555652,0,0.0,Urban Unrestricted,0
1812,17031,0,5,0.03732330589027116,0,0.0,Urban Unrestricted,0
1824,17031,0,5,0.011739428254909845,0,0.0,Urban Unrestricted,0
1841,17031,0,5,0.04387225240618093,0,0.0,Urban Unrestricted,0
1842,17031,0,5,0.03309102783834307,0,0.0,Urban Unrestricted,0
1843,17031,0,5,0.042364548876361485,0,0.0,Urban Unrestricted,0
1845,17031,0,5,0.07663468950048091,0,0.0,Urban Unrestricted,0
1847,17031,0,5,0.013110770128054491,0,0.0,Urban Unrestricted,0
1851,17031,0,5,0.012059795183071764,0,0.0,Urban Unrestricted,0
1853,17031,0,5,0.013124937593301437,0,0.0,Urban Unrestricted,0
1854,17031,0,5,0.010710090802758098,0,0.0,Urban Unrestricted,0
1857,17031,0,5,0.029514310283328737,0,0.0,Urban Unrestricted,0
1864,17031,0,5,0.03775505547606861,0,0.0,Urban Unrestricted,0
1866,17031,0,5,0.0673381227000962,0,0.0,Urban Unrestricted,0
1868,17031,0,5,0.047914876973549334,0,0.0,Urban Unrestricted,0
1871,17031,0,5,0.05244364697381333,0,0.0,Urban Unrestricted,0
1875,17031,0,5,0.07371570181357781,0,0.0,Urban Unrestricted,0
1876,17031,0,5,0.010785240602118887,0,0.0,Urban Unrestricted,0
1877,17031,0,5,0.003058592135322911,0,0.0,Urban Unrestricted,0
1881,17031,0,5,0.015025963567259892,0,0.0,Urban Unrestricted,0
1887,17031,0,5,0.029759473595842554,0,0.0,Urban Unrestricted,0
1889,17031,0,5,0.04561290933867354,0,0.0,Urban Unrestricted,0
1890,17031,0,5,0.07639216964685007,0,0.0,Urban Unrestricted,0
1891,17031,0,5,0.005453564456967976,0,0.0,Urban Unrestricted,0
1892,17031,0,5,0.009301827806051205,0,0.0,Urban Unrestricted,0
1893,17031,0,5,0.015611255489000738,0,0.0,Urban Unrestricted,0
1898,17031,0,5,0.14965557034448873,0,0.0,Urban Unrestricted,0
1900,17031,0,5,0.008455767597475312,0,0.0,Urban Unrestricted,0
1905,17031,0,5,0.052831416567240524,0,0.0,Urban Unrestricted,0
1907,17031,0,5,0.006308657085456899,0,0.0,Urban Unrestricted,0
1908,17031,0,5,0.09605985214084177,0,0.0,Urban Unrestricted,0
1910,17031,0,5,0.06066434517414919,0,0.0,Urban Unrestricted,0
1911,17031,0,5,0.0060664345150517095,0,0.0,Urban Unrestricted,0
1912,17031,0,5,0.003596960897969971,0,0.0,Urban Unrestricted,0
1914,17031,0,5,0.08936087302914937,0,0.0,Urban Unrestricted,0
1916,17031,0,5,0.028487427511706697,0,0.0,Urban Unrestricted,0
1918,17031,0,5,0.0067310037021845685,0,0.0,Urban Unrestricted,0
1919,17031,0,5,0.003776712182191479,0,0.0,Urban Unrestricted,0
1920,17031,0,5,0.0019229482626181944,0,0.0,Urban Unrestricted,0
1921,17031,0,5,0.08862827252453889,0,0.0,Urban Unrestricted,0
1922,17031,0,5,0.010909073162282342,0,0.0,Urban Unrestricted,0
1923,17031,0,5,0.08508020792299507,0,0.0,Urban Unrestricted,0
1924,17031,0,5,0.003815887073379354,0,0.0,Urban Unrestricted,0
1927,17031,0,5,0.02439442316155992,0,0.0,Urban Unrestricted,0
1928,17031,0,5,0.03892600226351074,0,0.0,Urban Unrestricted,0
1931,17031,0,5,0.013437308130727936,0,0.0,Urban Unrestricted,0
1933,17031,0,5,0.04471290669871013,0,0.0,Urban Unrestricted,0
1934,17031,0,5,0.063063401698615,0,0.0,Urban Unrestricted,0
1935,17031,0,5,0.010675455376738896,0,0.0,Urban Unrestricted,0
1937,17031,0,5,0.030198509349956684,0,0.0,Urban Unrestricted,0
1939,17031,0,5,0.024085473942176423,0,0.0,Urban Unrestricted,0
1941,17031,0,5,0.00792822397318984,0,0.0,Urban Unrestricted,0
1943,17031,0,5,0.008949601174170176,0,0.0,Urban Unrestricted,0
1951,17031,0,5,0.0035485427685988144,0,0.0,Urban Unrestricted,0
1952,17031,0,5,0.006004182852678796,0,0.0,Urban Unrestricted,0
1953,17031,0,5,0.06538879231376417,0,0.0,Urban Unrestricted,0
1954,17031,0,5,0.09605989092852515,0,0.0,Urban Unrestricted,0
1955,17031,0,5,0.006287814131303539,0,0.0,Urban Unrestricted,0
1958,17031,0,5,0.008353848109349266,0,0.0,Urban Unrestricted,0
1959,17031,0,5,0.008827560391034482,0,0.0,Urban Unrestricted,0
1961,17031,0,5,0.0038600010978513386,0,0.0,Urban Unrestricted,0
1963,17031,0,5,0.04391805807631506,0,0.0,Urban Unrestricted,0
1966,17031,0,5,0.03488329553792906,0,0.0,Urban Unrestricted,0
1968,17031,0,5,0.0015081378708102422,0,0.0,Urban Unrestricted,0
1970,17031,0,5,0.054270950966066885,0,0.0,Urban Unrestricted,0
1972,17031,0,5,0.03821418486770513,0,0.0,Urban Unrestricted,0
1973,17031,0,5,0.009742983826210222,0,0.0,Urban Unrestricted,0
1974,17031,0,5,0.07134741048921577,0,0.0,Urban Unrestricted,0
1975,17031,0,5,0.0852971562504827,0,0.0,Urban Unrestricted,0
1977,17031,0,5,0.03421114112015437,0,0.0,Urban Unrestricted,0
1979,17031,0,5,0.07752698722336218,0,0.0,Urban Unrestricted,0
1980,17031,0,5,0.0738707196863053,0,0.0,Urban Unrestricted,0
1982,17031,0,5,0.00910678376752048,0,0.0,Urban Unrestricted,0
1990,17031,0,5,0.03317326988452655,0,0.0,Urban Unrestricted,0
1991,17031,0,5,0.04448893519163255,0,0.0,Urban Unrestricted,0
1994,17031,0,5,0.07736628130111604,0,0.0,Urban Unrestricted,0
1995,17031,0,5,0.02748103799653156,0,0.0,Urban Unrestricted,0
1996,17031,0,5,0.016701662773737528,0,0.0,Urban Unrestricted,0
1997,17031,0,5,0.04432180339708467,0,0.0,Urban Unrestricted,0
1998,17031,0,5,0.043232342914988474,0,0.0,Urban Unrestricted,0
1999,17031,0,5,0.04401424183729768,0,0.0,Urban Unrestricted,0
2000,17031,0,5,0.05524268009720309,0,0.0,Urban Unrestricted,0
2001,17031,0,5,0.045730517284651134,0,0.0,Urban Unrestricted,0
2002,17031,0,5,0.011264400033295633,0,0.0,Urban Unrestricted,0
2003,17031,0,5,0.051194981316906044,0,0.0,Urban Unrestricted,0
2004,17031,0,5,0.02537647554453801,0,0.0,Urban Unrestricted,0
2006,17031,0,5,0.041357860981614966,0,0.0,Urban Unrestricted,0
2013,17031,0,5,0.037717571695940866,0,0.0,Urban Unrestricted,0
2014,17031,0,5,0.022118364623663265,0,0.0,Urban Unrestricted,0
2016,17031,0,5,0.23321996719016994,0,0.0,Urban Unrestricted,0
2019,17031,0,5,0.001694471979664557,0,0.0,Urban Unrestricted,0
2023,17031,0,5,0.03383674249495993,0,0.0,Urban Unrestricted,0
2025,17031,0,5,0.003584252074749631,0,0.0,Urban Unrestricted,0
2026,17031,0,5,0.0039344689467510525,0,0.0,Urban Unrestricted,0
2034,17031,0,5,0.1359275339379762,0,0.0,Urban Unrestricted,0
2037,17031,0,5,0.02792703962073295,0,0.0,Urban Unrestricted,0
2038,17031,0,5,0.007490418544776271,0,0.0,Urban Unrestricted,0
2050,17031,0,5,0.03204128980674487,0,0.0,Urban Unrestricted,0
2052,17031,0,5,0.08259423091130393,0,0.0,Urban Unrestricted,0
2054,17031,0,5,0.006647738901107663,0,0.0,Urban Unrestricted,0
2055,17031,0,5,0.017251413320771684,0,0.0,Urban Unrestricted,0
2056,17031,0,5,0.009642541535000776,0,0.0,Urban Unrestricted,0
2057,17031,0,5,0.0059626106100101085,0,0.0,Urban Unrestricted,0
2058,17031,0,5,0.008030806842161432,0,0.0,Urban Unrestricted,0
2060,17031,0,5,0.023938695713792653,0,0.0,Urban Unrestricted,0
2067,17031,0,5,0.02134525392606364,0,0.0,Urban Unrestricted,0
2068,17031,0,5,0.0038211493260796063,0,0.0,Urban Unrestricted,0
2070,17031,0,5,0.011716492901578321,0,0.0,Urban Unrestricted,0
2071,17031,0,5,0.0066407645418195315,0,0.0,Urban Unrestricted,0
2073,17031,0,5,0.06946011728459797,0,0.0,Urban Unrestricted,0
2076,17031,0,5,0.024272701792149493,0,0.0,Urban Unrestricted,0
2077,17031,0,5,0.008149115562327797,0,0.0,Urban Unrestricted,0
2078,17031,0,5,0.08549374891222958,0,0.0,Urban Unrestricted,0
2080,17031,0,5,0.08396129341485427,0,0.0,Urban Unrestricted,0
2081,17031,0,5,0.006627997923021671,0,0.0,Urban Unrestricted,0
2083,17031,0,5,0.08086336720942229,0,0.0,Urban Unrestricted,0
2084,17031,0,5,0.044788180317193095,0,0.0,Urban Unrestricted,0
2085,17031,0,5,0.03789409768190175,0,0.0,Urban Unrestricted,0
2087,17031,0,5,0.07662319202570524,0,0.0,Urban Unrestricted,0
2105,17031,0,5,0.07524672348811871,0,0.0,Urban Unrestricted,0
2110,17031,0,5,0.03573052772801291,0,0.0,Urban Unrestricted,0
2118,17031,0,5,0.04413766460428925,0,0.0,Urban Unrestricted,0
2120,17031,0,5,0.08062995071569719,0,0.0,Urban Unrestricted,0
2121,17031,0,5,0.05545602050863179,0,0.0,Urban Unrestricted,0
2122,17031,0,5,0.08084141629148886,0,0.0,Urban Unrestricted,0
2123,17031,0,5,0.07063128913553401,0,0.0,Urban Unrestricted,0
2124,17031,0,5,0.07038896482907127,0,0.0,Urban Unrestricted,0
2128,17031,0,4,0.18041299144056563,0,0.0,Urban Restricted,0
2129,17031,0,4,0.14527311402934362,0,0.0,Urban Restricted,0
2141,17031,0,5,0.056322642569060374,0,0.0,Urban Unrestricted,0
2142,17031,0,5,0.10871453093478596,0,0.0,Urban Unrestricted,0
2144,17031,0,5,0.049518551822794916,0,0.0,Urban Unrestricted,0
2145,17031,0,5,0.11671898196213229,0,0.0,Urban Unrestricted,0
2146,17031,0,5,0.06706257602073099,0,0.0,Urban Unrestricted,0
2147,17031,0,5,0.04410691773253349,0,0.0,Urban Unrestricted,0
2148,17031,0,5,0.0081982657826584,0,0.0,Urban Unrestricted,0
2149,17031,0,5,0.0634744851553296,0,0.0,Urban Unrestricted,0
2150,17031,0,5,0.06707071041396417,0,0.0,Urban Unrestricted,0
2151,17031,0,5,0.022961589078965557,0,0.0,Urban Unrestricted,0
2152,17031,0,5,0.011442757819048356,0,0.0,Urban Unrestricted,0
2154,17031,0,5,0.046746646293056755,0,0.0,Urban Unrestricted,0
2156,17031,0,5,0.08209238740475222,0,0.0,Urban Unrestricted,0
2158,17031,0,5,0.006870752386606833,0,0.0,Urban Unrestricted,0
2159,17031,0,5,0.00875449232793284,0,0.0,Urban Unrestricted,0
2161,17031,0,5,0.008714824035422723,0,0.0,Urban Unrestricted,0
2163,17031,0,5,0.06634370946706318,0,0.0,Urban Unrestricted,0
2165,17031,0,5,0.02516765548872008,0,0.0,Urban Unrestricted,0
2166,17031,0,5,0.0754057830126992,0,0.0,Urban Unrestricted,0
2168,17031,0,5,0.07194950621384803,0,0.0,Urban Unrestricted,0
2169,17031,0,5,0.07645984235363947,0,0.0,Urban Unrestricted,0
2171,17031,0,5,0.00033471726485917447,0,0.0,Urban Unrestricted,0
2177,17031,0,5,0.04324985476790466,0,0.0,Urban Unrestricted,0
2178,17031,0,5,0.05670317826572552,0,0.0,Urban Unrestricted,0
2179,17031,0,5,0.03176827027330954,0,0.0,Urban Unrestricted,0
2180,17031,0,5,0.08802195562319932,0,0.0,Urban Unrestricted,0
2181,17031,0,5,0.09045795457498812,0,0.0,Urban Unrestricted,0
2183,17031,0,5,0.022563632791939316,0,0.0,Urban Unrestricted,0
2184,17031,0,5,0.008129108463546255,0,0.0,Urban Unrestricted,0
2186,17031,0,5,0.06717038258943284,0,0.0,Urban Unrestricted,0
2187,17031,0,5,0.11662220801304957,0,0.0,Urban Unrestricted,0
2188,17031,0,5,0.05217854355399013,0,0.0,Urban Unrestricted,0
2189,17031,0,5,0.06670523042403437,0,0.0,Urban Unrestricted,0
2191,17031,0,5,0.008625261711689366,0,0.0,Urban Unrestricted,0
2193,17031,0,5,0.04248038973111703,0,0.0,Urban Unrestricted,0
2194,17031,0,5,0.039326573646817464,0,0.0,Urban Unrestricted,0
2196,17031,0,5,0.056514240288472274,0,0.0,Urban Unrestricted,0
2197,17031,0,5,0.008924098775938647,0,0.0,Urban Unrestricted,0
2198,17031,0,5,0.06549517392980683,0,0.0,Urban Unrestricted,0
2199,17031,0,5,0.008051873900514922,0,0.0,Urban Unrestricted,0
2200,17031,0,5,0.0060043771754241864,0,0.0,Urban Unrestricted,0
2201,17031,0,5,0.02205301581593971,0,0.0,Urban Unrestricted,0
2207,17031,0,5,0.04460083778596983,0,0.0,Urban Unrestricted,0
2210,17031,0,5,0.0833341059767786,0,0.0,Urban Unrestricted,0
2213,17031,0,5,0.12033365757559408,0,0.0,Urban Unrestricted,0
2214,17031,0,5,0.011256315731332596,0,0.0,Urban Unrestricted,0
2215,17031,0,5,0.012973537116396434,0,0.0,Urban Unrestricted,0
2216,17031,0,5,0.036339682385607384,0,0.0,Urban Unrestricted,0
2217,17031,0,5,0.006995335177012177,0,0.0,Urban Unrestricted,0
2218,17031,0,5,0.014114642513637279,0,0.0,Urban Unrestricted,0
2219,17031,0,5,0.03783283200582762,0,0.0,Urban Unrestricted,0
2220,17031,0,5,0.056332958640916565,0,0.0,Urban Unrestricted,0
2227,17031,0,5,0.14650166125902767,0,0.0,Urban Unrestricted,0
2228,17031,0,5,0.00760436740722202,0,0.0,Urban Unrestricted,0
2229,17031,0,5,0.10137060756806338,0,0.0,Urban Unrestricted,0
2230,17031,0,5,0.08674985352667058,0,0.0,Urban Unrestricted,0
2236,17031,0,5,0.018194538771540626,0,0.0,Urban Unrestricted,0
2237,17031,0,5,0.08038289288940656,0,0.0,Urban Unrestricted,0
2239,17031,0,5,0.04198844987092992,0,0.0,Urban Unrestricted,0
2241,17031,0,5,0.006706639320357463,0,0.0,Urban Unrestricted,0
2242,17031,0,5,0.011966755023116822,0,0.0,Urban Unrestricted,0
2243,17031,0,5,0.021204745402181764,0,0.0,Urban Unrestricted,0
2245,17031,0,5,0.011724047861485063,0,0.0,Urban Unrestricted,0
2246,17031,0,5,0.05124445589185078,0,0.0,Urban Unrestricted,0
2247,17031,0,5,0.012414034255213716,0,0.0,Urban Unrestricted,0
2248,17031,0,5,0.028633473619782267,0,0.0,Urban Unrestricted,0
2249,17031,0,5,0.0318824843839749,0,0.0,Urban Unrestricted,0
2251,17031,0,5,0.03695656851319183,0,0.0,Urban Unrestricted,0
2252,17031,0,5,0.042587411559924716,0,0.0,Urban Unrestricted,0
2253,17031,0,5,0.04336934073176411,0,0.0,Urban Unrestricted,0
2255,17031,0,5,0.00766692613022612,0,0.0,Urban Unrestricted,0
2256,17031,0,5,0.007770053709578748,0,0.0,Urban Unrestricted,0
2258,17031,0,5,0.10038667750466508,0,0.0,Urban Unrestricted,0
2259,17031,0,5,0.09014328263209459,0,0.0,Urban Unrestricted,0
2260,17031,0,5,0.0886020592677502,0,0.0,Urban Unrestricted,0
2261,17031,0,5,0.031761355845407985,0,0.0,Urban Unrestricted,0
2262,17031,0,5,0.05664092924806531,0,0.0,Urban Unrestricted,0
2264,17031,0,5,0.027125391515324143,0,0.0,Urban Unrestricted,0
2265,17031,0,5,0.025240108158225225,0,0.0,Urban Unrestricted,0
2267,17031,0,5,0.01242967175445848,0,0.0,Urban Unrestricted,0
2268,17031,0,5,0.04795178222187273,0,0.0,Urban Unrestricted,0
2269,17031,0,5,0.02203151603552986,0,0.0,Urban Unrestricted,0
2270,17031,0,5,0.003971331414481709,0,0.0,Urban Unrestricted,0
2271,17031,0,5,0.025872677000078014,0,0.0,Urban Unrestricted,0
2272,17031,0,5,0.02000546271928733,0,0.0,Urban Unrestricted,0
2273,17031,0,5,0.02704562547818653,0,0.0,Urban Unrestricted,0
2274,17031,0,5,0.026259462370712163,0,0.0,Urban Unrestricted,0
2276,17031,0,5,0.02031871239400004,0,0.0,Urban Unrestricted,0
2277,17031,0,5,0.02392168255670903,0,0.0,Urban Unrestricted,0
2278,17031,0,5,0.027884094354312623,0,0.0,Urban Unrestricted,0
2280,17031,0,5,0.045041695581984204,0,0.0,Urban Unrestricted,0
2281,17031,0,5,0.04828563765308719,0,0.0,Urban Unrestricted,0
2282,17031,0,5,0.0888483872737044,0,0.0,Urban Unrestricted,0
2283,17031,0,5,0.0419289032821981,0,0.0,Urban Unrestricted,0
2284,17031,0,5,0.04532011525698544,0,0.0,Urban Unrestricted,0
2285,17031,0,5,0.08786333411424634,0,0.0,Urban Unrestricted,0
2286,17031,0,5,0.04414134803322711,0,0.0,Urban Unrestricted,0
2287,17031,0,5,0.04504646521367392,0,0.0,Urban Unrestricted,0
2288,17031,0,5,0.03524113045010958,0,0.0,Urban Unrestricted,0
2289,17031,0,5,0.009097273869094277,0,0.0,Urban Unrestricted,0
2291,17031,0,5,0.01424288644944527,0,0.0,Urban Unrestricted,0
2293,17031,0,5,0.010085286202682144,0,0.0,Urban Unrestricted,0
2294,17031,0,5,0.01047233698018384,0,0.0,Urban Unrestricted,0
2295,17031,0,5,0.0049759900976342475,0,0.0,Urban Unrestricted,0
2298,17031,0,5,0.10932248988558359,0,0.0,Urban Unrestricted,0
2305,17031,0,5,0.006348012675673922,0,0.0,Urban Unrestricted,0
2312,17031,0,5,0.03631899729274422,0,0.0,Urban Unrestricted,0
2313,17031,0,5,0.04322315876249922,0,0.0,Urban Unrestricted,0
2319,17031,0,5,0.014907034650514845,0,0.0,Urban Unrestricted,0
2324,17031,0,5,0.05320211783881126,0,0.0,Urban Unrestricted,0
2353,17031,0,5,0.004660283941780005,0,0.0,Off-Network,0
2355,17031,0,5,0.004660283941780005,0,0.0,Off-Network,0
2357,17031,0,5,0.004660283941780005,0,0.0,Off-Network,0
2358,17031,0,5,0.004660283941780005,0,0.0,Off-Network,0
2362,17031,0,5,0.004660283941780005,0,0.0,Off-Network,0
2369,17031,0,5,0.004660283941780005,0,0.0,Off-Network,0
2385,17031,0,5,0.004660283941780005,0,0.0,Off-Network,0
2389,17031,0,5,0.004660283941780005,0,0.0,Off-Network,0
2393,17031,0,5,0.004660283941780005,0,0.0,Off-Network,0
2399,17031,0,5,0.004660283941780005,0,0.0,Off-Network,0
2400,17031,0,5,0.004660283941780005,0,0.0,Off-Network,0
2401,17031,0,5,0.004660283941780005,0,0.0,Off-Network,0
2415,17031,0,5,0.004660283941780005,0,0.0,Off-Network,0
2426,17031,0,5,0.004660283941780005,0,0.0,Off-Network,0
2429,17031,0,5,0.004660283941780005,0,0.0,Off-Network,0
2432,17031,0,5,0.004660283941780005,0,0.0,Off-Network,0
2433,17031,0,5,0.004660283941780005,0,0.0,Off-Network,0
2436,17031,0,5,0.004660283941780005,0,0.0,Off-Network,0
2445,17031,0,5,0.004660283941780005,0,0.0,Off-Network,0
2452,17031,0,5,0.004660283941780005,0,0.0,Off-Network,0
2455,17031,0,5,0.004660283941780005,0,0.0,Off-Network,0
2457,17031,0,5,0.004660283941780005,0,0.0,Off-Network,0
2459,17031,0,5,0.004660283941780005,0,0.0,Off-Network,0
2460,17031,0,5,0.004660283941780005,0,0.0,Off-Network,0
2461,17031,0,5,0.004660283941780005,0,0.0,Off-Network,0
2462,17031,0,5,0.004660283941780005,0,0.0,Off-Network,0
2464,17031,0,5,0.004660283941780005,0,0.0,Off-Network,0
2466,17031,0,5,0.004660283941780005,0,0.0,Off-Network,0
2467,17031,0,5,0.004660283941780005,0,0.0,Off-Network,0
2468,17031,0,5,0.004660283941780005,0,0.0,Off-Network,0
2469,17031,0,5,0.004660283941780005,0,0.0,Off-Network,0
2470,17031,0,5,0.004660283941780005,0,0.0,Off-Network,0
2471,17031,0,5,0.004660283941780005,0,0.0,Off-Network,0
2472,17031,0,5,0.004660283941780005,0,0.0,Off-Network,0
2475,17031,0,5,0.004660283941780005,0,0.0,Off-Network,0
2476,17031,0,5,0.004660283941780005,0,0.0,Off-Network,0
2482,17031,0,5,0.004660283941780005,0,0.0,Off-Network,0
2489,17031,0,5,0.004660283941780005,0,0.0,Off-Network,0
2491,17031,0,5,0.004660283941780005,0,0.0,Off-Network,0
2493,17031,0,5,0.004660283941780005,0,0.0,Off-Network,0
2494,17031,0,5,0.004660283941780005,0,0.0,Off-Network,0
2500,17031,0,5,0.004660283941780005,0,0.0,Off-Network,0
2508,17031,0,5,0.004660283941780005,0,0.0,Off-Network,0
2509,17031,0,5,0.004660283941780005,0,0.0,Off-Network,0
2510,17031,0,5,0.004660283941780005,0,0.0,Off-Network,0
2511,17031,0,5,0.004660283941780005,0,0.0,Off-Network,0
2512,17031,0,5,0.004660283941780005,0,0.0,Off-Network,0
2515,17031,0,5,0.004660283941780005,0,0.0,Off-Network,0
2516,17031,0,5,0.004660283941780005,0,0.0,Off-Network,0
2517,17031,0,5,0.004660283941780005,0,0.0,Off-Network,0
2518,17031,0,5,0.004660283941780005,0,0.0,Off-Network,0
2522,17031,0,5,0.004660283941780005,0,0.0,Off-Network,0
2525,17031,0,5,0.004660283941780005,0,0.0,Off-Network,0
2529,17031,0,5,0.004660283941780005,0,0.0,Off-Network,0
2533,17031,0,5,0.004660283941780005,0,0.0,Off-Network,0
2534,17031,0,5,0.004660283941780005,0,0.0,Off-Network,0
2536,17031,0,5,0.004660283941780005,0,0.0,Off-Network,0
2540,17031,0,5,0.004660283941780005,0,0.0,Off-Network,0
2544,17031,0,5,0.004660283941780005,0,0.0,Off-Network,0
2548,17031,0,5,0.004660283941780005,0,0.0,Off-Network,0
2555,17031,0,5,0.004660283941780005,0,0.0,Off-Network,0
2559,17031,0,5,0.004660283941780005,0,0.0,Off-Network,0
2573,17031,0,5,0.004660283941780005,0,0.0,Off-Network,0
2583,17031,0,5,0.004660283941780005,0,0.0,Off-Network,0
2585,17031,0,5,0.004660283941780005,0,0.0,Off-Network,0
2586,17031,0,5,0.004660283941780005,0,0.0,Off-Network,0
2591,17031,0,5,0.004660283941780005,0,0.0,Off-Network,0
2604,17031,0,5,0.004660283941780005,0,0.0,Off-Network,0
