hour,linkID,pollutantID,emrate,emquant
8,2,91,5397678.399853338,202167.88190278763  
8,3,91,5397678.399853338,228178.58926232657  
8,4,91,5397678.399853338,80573.35153287965  
8,5,91,5397678.399853338,55927.126600920375  
8,7,91,5397678.399853338,46272.21694351555  
8,8,91,5187379.241417494,194816.0789164918  
8,10,91,4135883.4492382715,136287.78990435382  
8,11,91,420598.31687168864,11561.980021625748  
8,13,91,700997.1947861477,15190.599405052848  
8,14,91,911296.353221992,21728.48467045709  
8,16,91,771096.9142647625,24649.42182684649  
8,18,91,771096.9142647625,3555.068421453139  
8,20,91,700997.1947861477,26748.37939933206  
8,21,91,630897.4753075329,14164.382145207714  
8,22,91,841196.6337433773,25332.28563896484  
8,23,91,106413.71087069942,2965.522885350575  
8,24,91,65815.59001063595,688.1595550047105  
8,25,91,68047.63134118349,2582.197090820807  
8,26,91,72550.48294195865,2732.7594342705424  
8,28,91,75539.8416086616,422.54481726509727  
8,29,91,700997.1947861478,8084.494715039787  
8,32,91,540806.9564001551,4311.818328448135  
8,34,91,1975482.5033908018,2645.8380408557246  
8,35,91,451233.6072273298,4801.378516786207  
8,36,91,368441.0925680372,12430.825987122776  
8,37,91,337560.11014349,13874.524719416417  
8,38,91,899744.1869839462,40930.97513682715  
8,41,91,113089.29352760654,931.0035980564362  
8,43,91,0.0,0.0  
8,44,91,0.0,0.0  
8,45,91,77170.33633254578,3088.8316402415685  
8,47,91,120663.09113249106,1710.6986871904421  
8,49,91,29562.382659904524,209.9313263206189  
8,53,91,85816.51407963342,2063.6036033237  
8,55,91,118628.48231019995,2893.5284885977576  
8,57,91,771096.9142647625,54697.22117315639  
8,58,91,1051495.7921792215,80562.16075198185  
8,59,91,700997.1947861477,53354.08045917034  
8,61,91,1331894.6700936807,100009.96977267442  
8,63,91,981396.0727006069,69499.79999543226  
8,64,91,841196.6337433773,29514.260607780056  
8,65,91,841196.6337433773,35272.48453427253  
8,66,91,1261794.9506150659,96489.15981375327  
8,67,91,1612293.5480081397,123509.05056786574  
8,69,91,3224587.0960162794,21814.848036555053  
8,70,91,4556481.76610996,57911.07460949004  
8,75,91,425931.0497482981,2601.336609635466  
8,77,91,664347.6555460324,15134.537120826164  
8,78,91,172691.72349069262,4649.7233414721395  
8,81,91,700997.1947861477,5115.87493432092  
8,82,91,280398.8779144591,25042.38141728761  
8,83,91,280398.8779144591,16624.902210102806  
8,85,91,280398.8779144591,4213.215734541032  
8,87,91,280398.8779144591,20510.706143152274  
8,93,91,560797.7558289182,3049.1794935323046  
8,94,91,313214.70519588876,12377.36193397597  
8,95,91,208789.73026877356,9589.85353970465  
8,98,91,3738450.643213333,309191.3300070764  
8,100,91,7769385.5755464705,73566.92591360521  
8,102,91,280398.8779144591,22085.86789777041  
8,107,91,446153.61310619593,33428.394553498256  
8,108,91,896233.1590837444,37613.796160370315  
8,110,91,265550.56565444276,33820.05619563444  
8,115,91,771096.9142647625,43062.801010049814  
8,116,91,911296.353221992,40525.07658054475  
8,117,91,1261794.9506150659,55557.681383048846  
8,118,91,981396.0727006069,43518.72790984636  
8,119,91,911296.353221992,7747.22608971457  
8,120,91,981396.0727006069,34228.05422457815  
8,122,91,280398.8779144591,15570.726613301442  
8,125,91,1308174.2578789254,6065.186498111733  
8,127,91,2548723.5299210837,65355.08749593822  
8,129,91,420598.31687168864,9993.566565416784  
8,131,91,280398.8779144591,10651.768585433118  
8,133,91,280398.8779144591,16958.57688033684  
8,134,91,280398.8779144591,12264.427997574336  
8,136,91,280398.8779144591,4347.276087449  
8,139,91,280398.8779144591,2533.0913686745275  
8,141,91,442361.3107850075,4944.926918995231  
8,142,91,874538.17032174,48417.69310982748  
8,143,91,3809636.728549531,102178.8944241199  
8,144,91,1419412.7602186543,40662.667802337855  
8,145,91,531292.346019366,14655.250348929041  
8,146,91,928343.0075871496,26661.197615056517  
8,147,91,335248.0321123588,13862.626196743675  
8,150,91,0.0,0.0  
8,152,91,350498.59739307384,26291.66612556016  
8,153,91,420598.31687168864,17694.528785548468  
8,154,91,350498.59739307384,15907.001000362541  
8,155,91,841196.6337433773,10230.86168730854  
8,157,91,9813960.727006068,523063.71774297534  
8,158,91,23027411.79754495,1090574.6484275407  
8,159,91,19072188.77894012,544311.7301357385  
8,160,91,29748568.453737143,2253152.1457966976  
8,161,91,19207323.13714045,1475828.5012684446  
8,164,91,0.0,0.0  
8,167,91,0.0,0.0  
8,168,91,0.0,0.0  
8,189,91,395811.89852443343,26222.96099936252  
8,191,91,3196283.955383725,187274.94729864073  
8,193,91,1165496.2426610494,73733.71566562119  
8,194,91,20328918.648798283,172628.67376401785  
8,197,91,3084387.65705905,198637.11187536892  
8,198,91,700997.1947861477,22706.015519440745  
8,199,91,771096.9142647625,33498.14538800752  
8,200,91,280398.8779144591,21358.987449819833  
8,202,91,700997.1947861477,27273.798898518144  
8,205,91,630897.4753075329,1485.3725928322858  
8,207,91,560797.7558289182,38996.404496623676  
8,209,91,1578719.1206499033,9212.137427725003  
8,214,91,34316042.841159575,2019706.2341145661  
8,215,91,33901828.76786796,1394948.3457448042  
8,216,91,19849661.39859069,687099.132986999  
8,217,91,7924544.397585136,604559.9454371334  
8,218,91,700997.1947861477,58965.73558933285  
8,220,91,420598.31687168864,30036.270354150296  
8,222,91,841196.6337433773,33195.80632430334  
8,223,91,774251.7807338339,58280.697956665266  
8,224,91,1082882.5863182005,45471.54862965145  
8,225,91,2765043.769612873,93011.37136427825  
8,227,91,1380339.8472704438,8771.764547497765  
8,230,91,560797.7558289182,2145.755788384571  
8,231,91,5729.045911299324,633.9422287141365  
8,238,91,38975444.030109815,804790.2786759062  
8,239,91,0.0,0.0  
8,242,91,69789.77038569293,2961.0670522697365  
8,249,91,54116.30264050739,432.9983211142238  
8,250,91,0.0,0.0  
8,251,91,45515.67821447914,591.1883700708307  
8,252,91,71177.08938611997,1437.0648192979938  
8,258,91,76109.45744732744,2819.601983935649  
8,259,91,37942.789392211875,294.7666708942057  
8,260,91,0.0,0.0  
8,261,91,0.0,0.0  
8,262,91,0.0,0.0  
8,264,91,0.0,0.0  
8,265,91,911296.353221992,23305.80232827542  
8,266,91,911296.353221992,24310.290085523335  
8,267,91,708916.478521096,5507.506988687819  
8,269,91,196366.43806232698,2945.7310727468657  
8,270,91,163918.75543075302,5080.411740424974  
8,271,91,210291.48384880755,6369.067820942104  
8,273,91,92169.65975445806,7453.4668065095875  
8,274,91,981396.0727006069,45025.14957232465  
8,275,91,630897.4753075329,27189.140887742833  
8,277,91,560797.7558289182,30330.497557553277  
8,279,91,560797.7558289182,42612.35983163979  
8,280,91,560797.7558289182,47378.182417974574  
8,284,91,30633577.412154656,273856.59202345286  
8,285,91,19698021.17349075,929983.2887272291  
8,288,91,1612293.5480081397,84538.2609533083  
8,289,91,10755.183265620633,305.12510498750436  
8,290,91,10755.183265620633,256.5428380976844  
8,292,91,11930.073820381771,371.3801615623992  
8,293,91,70682.5185138451,1849.039240807174  
8,294,91,124808.6764230177,3634.595943022137  
8,297,91,117382.1137294903,3360.0152720607934  
8,299,91,1294224.8979840782,81140.11551828642  
8,302,91,2277354.9836774156,10426.024875411329  
8,303,91,2502733.1764412113,189128.0578354476  
8,305,91,457164.72544458235,14676.655728215448  
8,307,91,4223518.3692482645,316491.5530340225  
8,308,91,1886713.5803048974,167514.66656980204  
8,310,91,764724.2124939793,87611.51946192718  
8,312,91,82714.22502239127,6843.663661914097  
8,315,91,81160.66763719603,6705.81798466072  
8,316,91,2733889.059665976,30265.1062826106  
8,318,91,0.0,0.0  
8,325,91,585281.5717684862,5223.861382799324  
8,328,91,7786007.551043025,194475.2341329156  
8,330,91,273081.34869942727,6453.835280357487  
8,331,91,108865.2925721725,708.1568108125124  
8,333,91,1144696.4557181834,62565.17481158778  
8,337,91,1542193.828529525,115555.25002393597  
8,339,91,560797.7558289182,46765.75350232344  
8,341,91,280398.8779144591,20046.065056460182  
8,342,91,981396.0727006069,75699.79367427333  
8,343,91,350498.59739307384,26501.833516258062  
8,344,91,280398.8779144591,21261.735734052887  
8,345,91,350498.59739307384,26382.254178322208  
8,350,91,1962792.1454012138,148216.2694875765  
8,351,91,294873.0691451284,18440.974283756328  
8,353,91,556273.48324617,10892.441737040506  
8,354,91,981493.6454041327,9786.264661700363  
8,355,91,1766429.6753134287,36445.55029551457  
8,356,91,85371.27613247672,6477.812824052129  
8,357,91,350498.59739307384,23481.45125475065  
8,358,91,9659.860836715747,359.0224178865229  
8,360,91,590629.0411766995,4809.920122047884  
8,362,91,636986.5387704674,18401.676413765916  
8,363,91,748091.4689316225,32111.06492064082  
8,364,91,927405.9848391002,42823.330075277554  
8,366,91,0.0,0.0  
8,369,91,771096.9142647625,58494.24302389147  
8,370,91,560797.7558289182,42891.86304052007  
8,372,91,9299896.117496228,716610.1256444437  
8,374,91,130038.73747591773,9853.095356133052  
8,375,91,0.0,0.0  
8,376,91,168450.38898554622,12774.305724367729  
8,377,91,260996.15177932533,12760.505159565133  
8,378,91,280398.8779144591,22519.985381329203  
8,379,91,280398.8779144591,14385.637214858281  
8,383,91,19085.245614022853,1467.4954015945561  
8,384,91,62843.696633148975,6057.581388923553  
8,385,91,331597.4891568133,38626.623318840364  
8,386,91,466064.55674879515,35306.32468300949  
8,388,91,1261794.9506150659,105131.99222951916  
8,394,91,0.0,0.0  
8,397,91,682801.3946389164,57098.179411150224  
8,399,91,1337620.5624020912,102364.19173458088  
8,400,91,27915.908154277175,308.5916344375153  
8,402,91,143507.27701010258,1160.4697242751013  
8,404,91,574656.129620303,16804.733580866887  
8,405,91,417370.68331433064,50611.00941870258  
8,407,91,0.0,0.0  
8,409,91,9542.622807011427,751.6475783900247  
8,414,91,560797.7558289182,42917.776276682205  
8,415,91,560797.7558289182,43157.51086607408  
8,417,91,280398.8779144591,1387.7836939500992  
8,419,91,350498.59739307384,11667.837394794053  
8,425,91,919068.0729053828,73638.86120090485  
8,426,91,75950.63464291072,3689.0857258587966  
8,427,91,934883.8675010819,26378.02642902751  
8,428,91,2687155.9133468997,188788.25829919745  
8,429,91,5839266.23558881,58073.6509556887  
8,430,91,1358028.0383296984,96519.31038108618  
8,431,91,1406992.5165189349,33479.77281721086  
8,433,91,1248915.0555697738,5923.089581672804  
8,435,91,1846550.0721580316,104861.67672635167  
8,436,91,407093.0856991688,30395.337920371574  
8,437,91,420598.31687168864,37245.24721797715  
8,439,91,29160.733210698738,232.31337536332904  
8,441,91,31655.436279523303,2391.037618875286  
8,442,91,508588.79623360146,26053.49754941849  
8,443,91,630897.4753075329,41572.969524689914  
8,444,91,149675.40512571076,11392.682549994488  
8,445,91,262242.4956102759,19810.897068549602  
8,447,91,715213.0561175476,112103.53607160825  
8,449,91,1752492.9869653694,19128.65938741469  
8,450,91,306686.27271893964,3080.719377688474  
8,451,91,350498.59739307384,2099.8883541249943  
8,452,91,134844.45476515108,4592.581680784701  
8,453,91,327132.02423353563,10467.136726848317  
8,454,91,1121595.5116578364,99440.91467288304  
8,457,91,19436740.40088864,1457483.4200533116  
8,458,91,37152851.32366583,2988374.121699135  
8,460,91,350498.59739307384,17414.611389588805  
8,461,91,1612293.5480081397,16878.172770148958  
8,463,91,771096.9142647625,16245.285959770987  
8,464,91,280398.8779144591,1507.268073154175  
8,465,91,280398.8779144591,10789.531564822411  
8,466,91,350498.59739307384,15497.676255347369  
8,467,91,420598.31687168864,18472.689467699733  
8,468,91,630897.4753075329,28314.868626867923  
8,469,91,280398.8779144591,11917.428481348636  
8,470,91,350498.59739307384,30946.83801182687  
8,471,91,305033.6520981955,24814.903531546137  
8,478,91,5057631.110784501,31770.56054323701  
8,480,91,2012522.7776030716,141511.19998097204  
8,482,91,1892692.425922599,78176.09118121128  
8,485,91,531248.4821512749,40578.39960489277  
8,490,91,1261794.9506150659,12901.03752933679  
8,491,91,413570.87797833077,28660.40363862895  
8,492,91,16988873.191287816,1205301.4603398796  
8,493,91,24917263.923762158,227809.94848210964  
8,494,91,2694809.0352923,192128.6314975531  
8,495,91,1538590.3478986209,43307.974266296165  
8,496,91,364354.8633671823,17530.02241637397  
8,497,91,772519.7249371363,62415.98030924028  
8,503,91,0.0,0.0  
8,506,91,0.0,0.0  
8,507,91,630897.4753075329,54916.74639940763  
8,509,91,1331894.6700936807,96965.2921905791  
8,510,91,1051495.7921792215,46482.82058956257  
8,511,91,1331894.6700936807,60085.29001960744  
8,513,91,32874.190192402304,1706.4298105170394  
8,515,91,245032.10831514135,16978.972425972894  
8,525,91,9485.697348052969,60.96882955415794  
8,526,91,1121595.5116578364,85613.92634794548  
8,527,91,560797.7558289182,42740.347536061454  
8,528,91,0.0,0.0  
8,530,91,6324.167631410053,211.65838097473323  
8,531,91,5839.903940525606,121.96859113631541  
8,532,91,29846.338021889547,469.47559842346107  
8,534,91,41002.0791457436,197.68153171389127  
8,535,91,1300526.8755674753,7061.830112931387  
8,536,91,10234559.043877756,272838.10070791724  
8,543,91,2803988.7791445907,221192.52811727056  
8,545,91,0.0,0.0  
8,547,91,0.0,0.0  
8,548,91,0.0,0.0  
8,553,91,3224587.0960162794,7040.85208401423  
8,558,91,2375596.4070035927,13737.610668450638  
8,559,91,100356.10948178956,7243.813866151162  
8,560,91,841196.6337433773,79338.87993881662  
8,571,91,30013.81147928221,986.5463100339506  
8,576,91,1126328.078404017,12763.081261654226  
8,589,91,714671.269277969,33989.575282438855  
8,590,91,2568627.8267679554,98684.11736617419  
8,591,91,2383354.6457124148,15764.28679110342  
8,592,91,1603908.763362771,49710.08397127505  
8,593,91,6799672.789425633,513430.08355282195  
8,595,91,2663789.3401873615,8767.444872210068  
8,602,91,10374758.482834987,414286.5207543123  
8,604,91,10374758.482834987,69681.65737749475  
8,605,91,12127251.469800357,44542.865325515035  
8,606,91,0.0,0.0  
8,608,91,0.0,0.0  
8,618,91,558382.1750705992,37772.02187609755  
8,619,91,404235.5728299451,4675.914482396616  
8,622,91,0.0,0.0  
8,623,91,0.0,0.0  
8,630,91,7691.292638699283,622.850590368327  
8,632,91,18642.582269951807,1012.2985147628947  
8,634,91,265786.57335725724,14891.771204300529  
8,636,91,946331.9916799293,44039.84993389029  
8,637,91,0.0,0.0  
8,639,91,0.0,0.0  
8,646,91,841196.6337433773,16193.02198821373  
8,648,91,2803988.7791445907,165227.0007036941  
8,650,91,1472094.1090509102,79661.67341503159  
8,657,91,69931.33216274025,412.4862050109296  
8,659,91,280398.8779144591,2692.6239441055604  
8,661,91,584164.3289884564,37310.15719973994  
8,663,91,17314630.71121785,956740.9484173238  
8,665,91,7370756.952386461,141531.4446079405  
8,667,91,280398.8779144591,10445.204514890474  
8,668,91,280398.8779144591,7776.434657620501  
8,671,91,204286.1616111948,17917.69515249678  
8,672,91,13038547.823022349,107128.53595430435  
8,673,91,2032891.8648798284,60994.90225976513  
8,676,91,269306.9892099962,26534.218464553018  
8,677,91,258083.926911278,6150.063259319855  
8,678,91,213543.78638576888,33858.56422104926  
8,680,91,629468.4999539253,23122.79233521446  
8,681,91,350498.59739307384,21541.12814409146  
8,682,91,280398.8779144591,21366.070830378452  
8,684,91,8880.13975790544,490.93116739915735  
8,685,91,2638908.746191025,32349.917015749837  
8,688,91,140199.43895722955,10705.87303309847  
8,690,91,17326.811362634773,121.79376156691322  
8,691,91,80585.79276841907,1623.5890218264738  
8,692,91,78923.24845080283,1378.7853155426953  
8,693,91,64877.44755715495,509.89094420256026  
8,695,91,1320560.9709143227,18474.87281127584  
8,696,91,1211980.0829012208,106368.34047098928  
8,697,91,0.0,0.0  
8,699,91,507157.37982940587,4760.96348927898  
8,702,91,981396.0727006069,10381.01339879709  
8,703,91,981396.0727006069,65124.25854839147  
8,705,91,1472094.1090509102,5650.218576565253  
8,707,91,560797.7558289182,36950.59306548445  
8,708,91,272381.5488149264,18078.65018164673  
8,710,91,390817.11057095946,7275.157202163246  
8,712,91,1121595.5116578364,87872.54603422881  
8,713,91,280398.8779144591,7124.398040840639  
8,717,91,199586.36971564958,1930.3801314448012  
8,718,91,841196.6337433773,31258.295146377608  
8,719,91,1051495.7921792215,39310.12782132154  
8,720,91,560797.7558289182,24220.35493629431  
8,721,91,651579.5444795395,28836.93011831152  
8,722,91,1051495.7921792215,46407.2575383652  
8,724,91,1121595.5116578364,50206.1606498853  
8,725,91,1121595.5116578364,49064.41903828402  
8,726,91,1208141.5935441412,11012.484097976007  
8,727,91,619401.4245870672,46953.12289632443  
8,728,91,634166.170298527,47840.702947823076  
8,730,91,911296.353221992,5223.5260417709  
8,732,91,5607977.558289181,168067.5958840487  
8,733,91,4906980.363503034,182425.87366423605  
8,735,91,4065783.729759657,12712.140431218855  
8,737,91,1774883.32944337,15088.402414928247  
8,739,91,4065783.729759657,12741.226185768583  
8,741,91,4416282.327152731,113033.90830306051  
8,743,91,350498.59739307384,5426.066714335918  
8,745,91,420598.31687168864,8570.098266723406  
8,747,91,158743.44859271485,6856.777650812465  
8,748,91,650925.9665871372,29013.636697267906  
8,751,91,280398.8779144591,16350.44859827731  
8,759,91,36500.67226977916,2174.3660246887944  
8,761,91,981396.0727006069,12138.64384668624  
8,763,91,1542193.828529525,105048.89577334707  
8,764,91,841196.6337433773,31775.552268843978  
8,765,91,841196.6337433773,32429.823772861997  
8,766,91,771096.9142647625,41015.11050317943  
8,767,91,771096.9142647625,18006.99888087097  
8,769,91,420598.31687168864,26136.629072065083  
8,770,91,841196.6337433773,23694.49478021025  
8,771,91,771096.9142647625,17509.389504963645  
8,774,91,3855484.5713238125,293233.0578915002  
8,775,91,0.0,0.0  
8,776,91,280398.8779144591,15415.255041600154  
8,777,91,1822592.706443984,96608.88303745067  
8,778,91,2243191.0233156728,54026.944329143524  
8,780,91,1822592.706443984,10954.45942813928  
8,781,91,131139.27082373443,6569.372828556217  
8,783,91,420598.31687168864,2992.158271613941  
8,785,91,350498.59739307384,26502.888592045234  
8,786,91,560797.7558289182,42144.63715661966  
8,788,91,1542193.828529525,59549.11547284361  
8,790,91,280398.8779144591,17505.8343501862  
8,791,91,981396.0727006069,81880.01087866054  
8,792,91,280398.8779144591,18777.142829151013  
8,793,91,0.0,0.0  
8,795,91,69931.33216274025,5906.310475253221  
8,796,91,560797.7558289182,21462.371810361255  
8,799,91,4977080.082981649,572851.5512786548  
8,802,91,726126.862305642,35528.19881617007  
8,804,91,23633619.709932983,509516.69360043184  
8,805,91,31094232.711585555,1052485.746900444  
8,807,91,20996084.558719516,566927.9906756657  
8,808,91,9492283.848630227,289635.1623322809  
8,810,91,5624114.380807808,119375.33738226382  
8,813,91,1974766.2289082166,75150.07339910904  
8,816,91,236110.43651167775,10437.93907472457  
8,817,91,6542374.098748219,188726.13235685963  
8,818,91,1567344.9149037031,43141.30590002531  
8,819,91,3719937.1799846976,106573.8308002897  
8,820,91,5869684.785911341,157301.74758841246  
8,821,91,4210260.503827274,142296.32962040004  
8,822,91,877803.3970077275,25835.229960227476  
8,826,91,962007.9062198178,55283.72331486163  
8,833,91,0.0,0.0  
8,835,91,0.0,0.0  
8,842,91,117677.20718277465,727.5755255763751  
8,844,91,119472.6302845046,10412.439079175881  
8,845,91,1802564.21516438,12969.420814266836  
8,849,91,232186.5443365842,13060.378206614114  
8,851,91,13809.20629871104,1828.4901440184083  
8,854,91,182811.4666982286,25065.22942377377  
8,855,91,95522.53453811581,4379.997848763575  
8,856,91,3671899.5830645636,321240.4933758035  
8,857,91,4414778.154005111,392113.180218525  
8,858,91,4408181.307950941,390699.61268581264  
8,859,91,8625017.55343614,289868.88427062624  
8,861,91,2526755.834783193,40543.52060329993  
8,862,91,1592608.4174060505,77875.89046744109  
8,863,91,1663652.3409023797,68261.65614322801  
8,864,91,3252994.429266924,109547.95427701905  
8,865,91,4488848.940670483,38688.81684986423  
8,868,91,90883.88017164882,5441.004373633948  
8,869,91,256262.99466089747,1912.9095272711336  
8,873,91,190404.24181781482,27254.54713875095  
8,874,91,223361.67664729207,1581.0538175009233  
8,877,91,9253162.97117715,327251.90992093395  
8,878,91,6729573.069947018,287860.6666221548  
8,879,91,0.0,0.0  
8,881,91,88336.7386820214,3385.7314471070054  
8,882,91,33123.16939701657,1239.2324229041335  
8,883,91,28849.12754815376,1119.8979943664337  
8,885,91,0.0,0.0  
8,891,91,0.0,0.0  
8,906,91,1716624.7400763442,128900.07681926212  
8,909,91,420598.31687168864,78998.73987924238  
8,911,91,19768120.892969366,917119.7038736367  
8,913,91,851210.8793831795,16933.6737505985  
8,914,91,1383378.2413190922,89164.36822653345  
8,915,91,2453490.181751517,26684.49877824927  
8,916,91,997126.4802988399,19383.968467888844  
8,918,91,1089791.3897247103,76090.85599727683  
8,920,91,3151583.565302282,280462.8864730957  
8,921,91,280398.8779144591,24440.03557311179  
8,922,91,3272519.7599095856,138460.3351498924  
8,923,91,3020420.5258182366,143653.55750183584  
8,924,91,11128871.818069203,192517.6179589276  
8,929,91,2243157.3136116844,141374.13411329142  
8,930,91,2523589.9012301317,148094.17847052932  
8,931,91,3715285.132366583,61837.17956567397  
8,932,91,1481849.235801369,55901.35182469831  
8,933,91,2938252.234456671,111370.2087369313  
8,934,91,1421070.7904409422,40016.333254557285  
8,935,91,684409.0488240735,3923.5887291206263  
8,937,91,420598.31687168864,2484.9095801845697  
8,938,91,280398.8779144591,19310.660952207298  
8,942,91,1840117.6363136377,19466.098284431646  
8,944,91,28740884.98623206,4562001.027679982  
8,950,91,92254.6780779231,2749.7886983398394  
8,951,91,771096.9142647625,31016.006812887084  
8,953,91,514064.6095098417,5113.759242315241  
8,954,91,1401994.3895722954,101068.956682122  
8,958,91,0.0,0.0  
8,961,91,350498.59739307384,4812.929536231314  
8,962,91,490698.03635030345,3172.1478928249867  
8,964,91,630897.4753075329,5365.365915289949  
8,965,91,3271320.2423353563,511760.3513650827  
8,966,91,1807819.2907122432,183800.84068787342  
8,967,91,113029.43344426058,4030.75008603423  
8,970,91,841196.6337433773,74536.69550408005  
8,972,91,366006.3772196958,21979.88913992346  
8,974,91,1331894.6700936807,7649.383990855094  
8,977,91,29419.301795693664,189.93484476091135  
8,978,91,73735.72780356645,3637.282674370035  
8,979,91,39451.40568622469,2021.3708449685487  
8,980,91,43407903.21560376,4011369.1763550285  
8,981,91,32282487.334147204,938156.0133903583  
8,982,91,14414635.063262286,173246.127798435  
8,983,91,14279603.353067791,192075.6623922335  
8,984,91,30738265.063085113,1040035.3786871891  
8,985,91,2703846.32274657,98152.19831564938  
8,986,91,1723214.6063667184,109786.13413205504  
8,988,91,1254728.6181488698,34625.19465556239  
8,994,91,280398.8779144591,2446.9537422983167  
8,995,91,39824.21009483486,3167.7980586711365  
8,996,91,77253.7774739433,8483.241273605525  
8,997,91,3645185.412887968,33268.412738224644  
8,998,91,17595029.58913231,817806.5237277478  
8,999,91,786365.5431527559,33758.42225240061  
8,1000,91,5140659.416290389,446890.1826478996  
8,1001,91,0.0,0.0  
8,1002,91,280398.8779144591,9798.747189380716  
8,1003,91,280398.8779144591,2555.773111498817  
8,1004,91,2173091.303837058,120129.95887072779  
8,1005,91,2102991.584358443,56368.844773843564  
8,1007,91,1822592.706443984,131065.05793772363  
8,1008,91,1472094.1090509102,42022.37388623971  
8,1010,91,1682393.2674867546,31692.448127113592  
8,1011,91,84217.30579567068,266.7588620899865  
8,1013,91,560797.7558289182,17022.186815936533  
8,1015,91,229022.94736827424,8985.73844309342  
8,1016,91,911296.353221992,39504.44811492901  
8,1018,91,353404.04227377044,2137.1989818550433  
8,1020,91,700997.1947861477,4698.52380686255  
8,1021,91,3224587.0960162794,506445.5806336068  
8,1023,91,0.0,0.0  
8,1024,91,280398.8779144591,2092.9217681878604  
8,1025,91,280398.8779144591,14912.64828165389  
8,1030,91,700997.1947861477,3686.133748404243  
8,1031,91,745833.8971699821,3634.866733400975  
8,1033,91,314734.24997696263,19831.039439527893  
8,1041,91,11075755.677621134,638587.0844715931  
8,1042,91,12968448.103543732,162223.96290597745  
8,1044,91,280398.8779144591,3193.578493591893  
8,1047,91,6098675.594639486,43546.96839049076  
8,1050,91,2995169.832268086,61551.373209089885  
8,1052,91,28530585.827796213,894994.6670409733  
8,1057,91,1261794.9506150659,195418.43249004296  
8,1059,91,420598.31687168864,32784.32308403844  
8,1060,91,560797.7558289182,6112.3296797912835  
8,1062,91,2173091.303837058,11078.950551232814  
8,1063,91,280398.8779144591,21430.078447755088  
8,1064,91,981396.0727006069,75045.54639653489  
8,1068,91,560797.7558289182,22816.91813060231  
8,1070,91,560797.7558289182,17400.740719853613  
8,1072,91,70680.8084547541,5911.930099911037  
8,1079,91,280398.8779144591,7221.244902829572  
8,1081,91,280398.8779144591,18096.409925080614  
8,1083,91,4205983.168716886,277426.86856472224  
8,1084,91,8178300.605838391,733386.5265086319  
8,1086,91,5537877.838810567,82243.40367782913  
8,1087,91,162668.21311981537,14304.361950606823  
8,1089,91,771096.9142647625,7499.719221197865  
8,1091,91,560797.7558289182,27332.237430757003  
8,1092,91,393417.81247120333,29889.976490608628  
8,1094,91,6308974.75307533,69730.29870736644  
8,1096,91,3014287.937580435,82904.47427959004  
8,1098,91,3154487.376537665,51023.30749985213  
8,1099,91,186458.47429249552,7881.984206189926  
8,1100,91,119319.88769367192,5315.479056038624  
8,1102,91,33749.49505178695,1121.2897696796806  
8,1104,91,28511.815425994122,654.6966999795574  
8,1107,91,9884060.446484683,367296.2472435295  
8,1109,91,6939872.228382862,534873.0104123253  
8,1110,91,4766780.924545805,414757.522514482  
8,1112,91,8271766.898476543,612539.7628554114  
8,1117,91,350498.59739307384,1.804894937582408  
8,1118,91,26227.854164746885,2006.7302403716099  
8,1119,91,70680.8084547541,5412.640805028034  
8,1123,91,70680.8084547541,3648.4585926282994  
8,1127,91,280398.8779144591,1355.9261220051912  
8,1128,91,280398.8779144591,7145.609308251504  
8,1131,91,43812.32467413423,647.6331983134224  
8,1132,91,8502.499721969572,66.00682148959649  
8,1135,91,70099.71947861477,2457.2745928569834  
8,1136,91,0.0,0.0  
8,1139,91,149809.85184820954,9435.842243157711  
8,1140,91,2803988.779144591,15594.445158203065  
8,1142,91,1281292.0895472264,92421.7255509443  
8,1143,91,5607977.558289181,29459.51067378239  
8,1151,91,0.0,0.0  
8,1154,91,981396.0727006069,73495.86658212949  
8,1156,91,490698.03635030345,27866.66515322573  
8,1158,91,420598.31687168864,2589.482520409959  
8,1159,91,490698.03635030345,1856.9566026636505  
8,1167,91,921707.5506195184,5668.388475342664  
8,1168,91,5748176.997246412,56780.23137142013  
8,1169,91,560797.7558289182,77235.29794055996  
8,1171,91,420598.31687168864,19600.732120992896  
8,1173,91,350498.59739307384,32431.108683737708  
8,1179,91,1101567.0203782322,4999.859034388437  
8,1180,91,0.0,0.0  
8,1181,91,2032891.8648798284,26384.775779820087  
8,1182,91,490698.03635030345,2383.111833946713  
8,1186,91,0.0,0.0  
8,1189,91,350498.59739307384,3319.6644330398294  
8,1191,91,2344848.303650149,13367.708145834431  
8,1192,91,5467778.119331952,49849.32104420782  
8,1194,91,0.0,0.0  
8,1196,91,140199.43895722955,784.1158825494159  
8,1198,91,2593689.620708747,192781.9453628137  
8,1202,91,1853889.0506778948,129437.15435054786  
8,1203,91,0.0,0.0  
8,1205,91,205787.56355345543,1842.1938350257883  
8,1206,91,264109.7558913532,16271.451100664885  
8,1208,91,1384075.0294935687,20709.261498453947  
8,1209,91,1177619.7835422857,12359.238465306064  
8,1210,91,218109.69897869616,11511.697658185747  
8,1213,91,280398.8779144591,1215.0274024121445  
8,1215,91,0.0,0.0  
8,1222,91,0.0,0.0  
8,1223,91,0.0,0.0  
8,1225,91,0.0,0.0  
8,1226,91,0.0,0.0  
8,1227,91,0.0,0.0  
8,1229,91,0.0,0.0  
8,1231,91,10234559.043877756,117527.51711833217  
8,1232,91,19675.86970930648,75.09966505180161  
8,1233,91,2228691.7296079486,4636.5939909686895  
8,1235,91,3014287.937580435,23782.487209703428  
8,1237,91,0.0,0.0  
8,1240,91,386656.57688209653,26550.59702726522  
8,1241,91,610067.304196391,4366.5223932844465  
8,1245,91,84180.57597614026,1233.177533429615  
8,1249,91,107600.27091869943,4151.674291910726  
8,1251,91,0.0,0.0  
8,1259,91,167452.2979534892,5887.241611278514  
8,1260,91,289569.39283320284,21928.67611524986  
8,1261,91,61075.489593319595,2703.386685632974  
8,1262,91,162590.22689087782,7331.757892828695  
8,1263,91,419531.5671581149,21284.09035104839  
8,1264,91,155038.3474012349,8719.830760284749  
8,1265,91,892153.3886281041,2981.652534835104  
8,1266,91,376160.1618985727,11790.879394837433  
8,1267,91,475040.8085745858,13460.765212695826  
8,1268,91,4644106.415458228,218025.32911174613  
8,1269,91,344688.0183414322,8279.176169742772  
8,1270,91,2087621.4045103777,12549.438903067097  
8,1271,91,50895.29904730429,3898.5172919156635  
8,1272,91,160252.47004802784,10828.750991673345  
8,1273,91,16299.509615891951,910.2828831698364  
8,1274,91,22057.126672637674,1159.1915233282002  
8,1275,91,36465.5643749355,1581.3661606810479  
8,1276,91,280398.8779144591,3676.2761581592476  
8,1277,91,503963.33587041456,12663.81977431899  
8,1278,91,3204558.6047366755,118926.17388671562  
8,1279,91,4836880.64402442,178266.03544267474  
8,1280,91,5327578.680374723,342794.63717540726  
8,1281,91,2595708.307716083,80096.05525511179  
8,1282,91,1872212.6442830928,42227.37527479238  
8,1283,91,9073999.390685854,309001.3458589751  
8,1284,91,4568333.184577789,203768.4138509963  
8,1285,91,12793198.804847194,561251.2161937616  
8,1286,91,11545836.149418904,1001473.5767224318  
8,1288,91,1564570.4446096497,20014.841567144245  
8,1289,91,16874003.903066557,375803.4954805404  
8,1290,91,788621.8441344161,39195.997393669124  
8,1291,91,860290.7676056718,46109.84364940714  
8,1292,91,1927742.2856619062,38676.83262131887  
8,1293,91,2032891.8648798284,5330.384610762283  
8,1294,91,1002214.2993221635,31127.335100680695  
8,1295,91,27380.223669172727,1478.9988641003088  
8,1296,91,24484.016968006086,1301.7576854577164  
8,1297,91,22916.183645197296,1139.7943600646627  
8,1302,91,27421360.8548699,348870.5467840973  
8,1303,91,13678598.86998358,273863.68055335723  
8,1304,91,12301908.062412258,277858.1476607014  
8,1305,91,15569282.603423376,1192468.7320644069  
8,1307,91,222001.82451226565,9558.609620444524  
8,1308,91,44627.48876042636,10045.124611683077  
8,1312,91,280398.8779144591,1162.6191569450614  
8,1315,91,131117.15850512282,566.4109792208811  
8,1317,91,1466616.3808058884,13180.786813838818  
8,1320,91,350498.59739307384,2707.4525038625234  
8,1330,91,0.0,0.0  
8,1331,91,280398.8779144591,4728.823509517887  
8,1336,91,280398.8779144591,53167.83932366853  
8,1338,91,8263.30906508811,479.34844214799705  
8,1351,91,0.0,0.0  
8,1352,91,0.0,0.0  
8,1353,91,0.0,0.0  
8,1359,91,1612293.5480081397,83277.60556022207  
8,1364,91,1336460.0664396419,14859.125649046773  
8,1367,91,1854216.06725256,61706.496829452895  
8,1369,91,841196.6337433773,48820.235618101906  
8,1370,91,2944188.2181018204,128405.73107104005  
8,1371,91,2383390.4622729025,103698.78044489543  
8,1372,91,1542193.828529525,69635.77293005522  
8,1373,91,1542193.828529525,67281.10834875329  
8,1374,91,280398.8779144591,12458.613003357957  
8,1375,91,350498.59739307384,15374.056885612528  
8,1377,91,560797.7558289182,23963.43331197225  
8,1378,91,7991368.020562084,105398.80382594129  
8,1379,91,27619289.47457422,948098.0084205831  
8,1381,91,981917.9790317676,108392.88523561007  
8,1383,91,883899.6097949541,53065.75460637128  
8,1384,91,251844.5485586223,446.02572448062614  
8,1385,91,641504.6284888427,14712.100929728358  
8,1386,91,925302.1620195595,15964.990186069293  
8,1388,91,1584385.8406168607,123290.08209120667  
8,1389,91,462323.8449090894,35192.13417222457  
8,1390,91,2639355.024756936,208171.21574350185  
8,1391,91,1475770.849561015,36862.186819667055  
8,1392,91,1535484.7213054018,27234.445974791397  
8,1394,91,4014802.1155933915,35508.88151944203  
8,1395,91,2453490.181751517,34642.17724176743  
8,1396,91,1682393.2674867546,37046.57516143764  
8,1399,91,1121595.5116578364,32189.137057746102  
8,1401,91,911296.353221992,25254.371629532034  
8,1402,91,70099.71947861477,3428.3545949969975  
8,1403,91,0.0,0.0  
8,1404,91,145100.9658839173,3263.9572506490467  
8,1405,91,280382.543389361,4181.583779026669  
8,1406,91,1670109.5073835116,64075.58896236124  
8,1407,91,3482798.1650487627,263242.578768628  
8,1409,91,280398.8779144591,23349.010186948257  
8,1414,91,9781.842810790858,480.89981258701226  
8,1416,91,1485794.486405299,82035.89262353232  
8,1418,91,630897.4753075329,45618.93883519192  
8,1420,91,5676.079915855803,382.72957232836694  
8,1422,91,1752492.9869653694,103309.61060319099  
8,1423,91,140773.60632123955,6230.6776323397435  
8,1425,91,911296.353221992,17722.598268375277  
8,1426,91,2032891.8648798284,89992.44844197831  
8,1427,91,1612293.5480081397,72176.18145795257  
8,1428,91,771096.9142647625,33190.67049481864  
8,1429,91,560797.7558289182,24364.99066102855  
8,1431,91,981396.0727006069,19491.771638111724  
8,1432,91,911296.353221992,7785.690755181493  
8,1433,91,0.0,0.0  
8,1434,91,1472094.1090509102,27991.85145310859  
8,1440,91,2874088.498623206,201064.9296868217  
8,1441,91,4065783.729759657,43659.344420498295  
8,1442,91,4486382.0466313455,316019.31603272737  
8,1443,91,1439096.4772004127,127409.63082637168  
8,1444,91,2375104.410794022,180136.00581698015  
8,1446,91,280398.8779144591,14703.193832106126  
8,1447,91,280398.8779144591,12282.375668026909  
8,1448,91,280398.8779144591,12412.311444600597  
8,1450,91,6058.925344776589,57.77192633425088  
8,1452,91,53922.86113739598,2260.209011433243  
8,1453,91,560797.7558289182,16833.857304760946  
8,1454,91,560797.7558289182,27081.069943011436  
8,1456,91,280398.8779144591,1070.0253598178642  
8,1464,91,0.0,0.0  
8,1466,91,0.0,0.0  
8,1467,91,0.0,0.0  
8,1468,91,0.0,0.0  
8,1469,91,0.0,0.0  
8,1475,91,0.0,0.0  
8,1478,91,1378459.1758972143,51457.86250730643  
8,1482,91,0.0,0.0  
8,1483,91,0.0,0.0  
8,1484,91,0.0,0.0  
8,1485,91,280398.8779144591,1700.6910732454094  
8,1486,91,124808.6764230177,10644.70426340442  
8,1487,91,55301.79585267484,4892.754945418077  
8,1488,91,128815.0033418883,11379.863480181664  
8,1489,91,82495.97640002366,7371.250630859932  
8,1490,91,471507.5111931008,41981.88632591486  
8,1508,91,210823.05080006042,1269.0924209302439  
8,1519,91,851210.8793831795,38110.86499192108  
8,1521,91,105842.27144964908,1657.02877965346  
8,1522,91,694968.3888024787,30396.866743600913  
8,1523,91,167359.82690627393,7254.459177954778  
8,1524,91,560797.7558289182,3835.45280715035  
8,1525,91,243816.75062717003,1415.1049234960974  
8,1526,91,1331894.6700936807,3889.0891154050382  
8,1530,91,288960.025184253,2296.8138605753347  
8,1531,91,153493.22646891334,5412.574764948241  
8,1541,91,507109.52269810566,11583.933435398232  
8,1546,91,2079735.1574936495,18658.302501166938  
8,1556,91,505474.2623505316,8069.370008923101  
8,1557,91,672891.6312869424,10042.28620753456  
8,1575,91,0.0,0.0  
8,1576,91,0.0,0.0  
8,1577,91,0.0,0.0  
8,1578,91,1192354.7665287112,50015.51029051336  
8,1580,91,956418.7842292747,9340.815183724199  
8,1581,91,1001403.0791122185,7779.61335342486  
8,1582,91,1980705.2992020086,156010.02040984307  
8,1585,91,269306.9892099962,17119.114104534347  
8,1589,91,482499.3576413859,42659.574163451296  
8,1590,91,2803988.7791445907,244779.71835019733  
8,1592,91,2248110.2714885534,94467.09986711263  
8,1594,91,1698139.7991912772,118028.65840093087  
8,1596,91,1163368.9050133012,177185.28926278476  
8,1597,91,2243191.0233156728,63301.51821384676  
8,1598,91,20358.49653110653,2707.725744386298  
8,1599,91,392539.9278474286,17081.014691237277  
8,1600,91,1024534.3616105237,45450.681192474265  
8,1601,91,3785384.851845198,173892.21028457253  
8,1602,91,3364786.534973509,139951.89295103465  
8,1603,91,1892692.425922599,122430.97821996268  
8,1604,91,1261794.9506150659,46308.2515897111  
8,1605,91,1261794.9506150659,25275.1485967819  
8,1606,91,981396.0727006069,41639.311543905984  
8,1607,91,532732.7592215103,3807.9730708333277  
8,1609,91,700997.1947861477,57704.52466721721  
8,1614,91,1191695.2311364512,96523.58607936175  
8,1615,91,28109987.510924526,2128866.7487097597  
8,1616,91,27466344.63207542,1041577.8644064784  
8,1617,91,31194375.167983573,323132.944750937  
8,1619,91,29511981.900496818,681797.0422545831  
8,1620,91,13752602.286474468,641671.0761524176  
8,1622,91,0.0,0.0  
8,1625,91,10231.510189829736,742.0613238224372  
8,1628,91,60397.70159869263,5571.563781349795  
8,1629,91,149372.19318062405,12185.905501503625  
8,1630,91,700997.1947861477,62093.29974639733  
8,1632,91,269306.9892099962,23816.44748044027  
8,1635,91,420598.31687168864,12753.498052870129  
8,1636,91,280398.8779144591,24560.33067082435  
8,1637,91,280398.8779144591,24784.955801006545  
8,1638,91,280398.8779144591,24088.11172562787  
8,1639,91,280398.8779144591,24873.314140712264  
8,1641,91,63310.872559046606,4390.583787894048  
8,1642,91,70329.9023125919,11336.242505451308  
8,1644,91,1682393.2674867546,263562.04712357844  
8,1645,91,350498.59739307384,24616.378320297987  
8,1647,91,168751.15462191412,4372.796531044144  
8,1648,91,630897.4753075329,101670.88919535988  
8,1649,91,560797.7558289182,41409.89479608221  
8,1650,91,2663789.3401873615,188358.32031444405  
8,1652,91,280398.8779144591,24965.193920867274  
8,1653,91,522318.4762806532,5520.439863473428  
8,1657,91,350498.59739307384,27325.34307652409  
8,1658,91,552265.8338991236,48799.93604717636  
8,1661,91,96598.60836715747,8300.816107886767  
8,1662,91,518766.8404946596,45879.82337740252  
8,1663,91,489092.1405395429,56697.195752962136  
8,1664,91,372101.20270016015,33638.55196729326  
8,1665,91,1278289.002257093,42870.46337621347  
8,1666,91,2084905.166407436,18488.240296784366  
8,1667,91,2313290.7427942874,505105.74927258526  
8,1671,91,16473434.077474471,2087822.7857606052  
8,1674,91,2205419.214739889,158938.2230002161  
8,1680,91,29751.659173617565,1638.730009294422  
8,1681,91,20175.34792039684,224.3412663613541  
8,1692,91,1822592.706443984,101832.0342527762  
8,1693,91,63472.16496830204,1806.8601124658803  
8,1694,91,68912.86990258339,1894.2068996144299  
8,1695,91,793236.2986030981,22064.799000030947  
8,1696,91,3154480.4748736233,87024.92306820556  
8,1698,91,9813960.727006068,1258673.8902360469  
8,1700,91,1057766.7987467407,159031.43157914415  
8,1703,91,31209.684912578825,1474.3353154313995  
8,1726,91,41002.0791457436,1493.3143926538608  
8,1736,91,41293.428305804475,615.7199581701674  
8,1776,91,74837.70256285538,485.1054359176727  
8,1779,91,15349.322646891336,152.82495116107776  
8,1781,91,11752.964430519341,782.0932108390801  
8,1782,91,0.0,0.0  
8,1786,91,77053.97415151489,1729.7088603490868  
8,1792,91,271335.56329276913,19766.835114964233  
8,1803,91,11150.678831309951,694.3307365167536  
8,1806,91,2953818.660504567,184380.12652459624  
8,1812,91,186477.50503013522,6959.956961894316  
8,1824,91,199800.3953188288,2345.5424061480153  
8,1841,91,405699.30964009435,17798.94251354357  
8,1842,91,1252127.0799621171,41434.17206016964  
8,1843,91,137493.29400003943,5824.84137383661  
8,1845,91,0.0,0.0  
8,1847,91,7390.595664976131,96.89640087289808  
8,1851,91,431382.88909916783,5202.3892880177245  
8,1853,91,490698.03635030345,6440.381104253292  
8,1854,91,509816.14166265284,5460.1771699187975  
8,1857,91,10041.196979984064,296.3590032832731  
8,1864,91,37500.256582647584,1415.8242676446666  
8,1866,91,280398.8779144591,18881.53404597314  
8,1868,91,487633.50125434005,23364.899220782812  
8,1871,91,560797.7558289182,29410.279530398555  
8,1875,91,560797.7558289182,41339.60014640815  
8,1876,91,560797.7558289182,6048.338725743202  
8,1877,91,560797.7558289182,1715.2516054850673  
8,1881,91,560797.7558289182,8426.526647686433  
8,1887,91,1682393.2674867546,50067.138021595354  
8,1889,91,229718.1851699966,10478.114753603675  
8,1890,91,341485.1045299069,26086.788037120976  
8,1891,91,12057151.75032174,65754.45423782385  
8,1892,91,348316.34480009985,3239.978661363688  
8,1893,91,0.0,0.0  
8,1898,91,28460486.1083176,4259270.280821669  
8,1900,91,30563477.69267604,258437.66433988957  
8,1905,91,2313290.7427942874,122214.42687370625  
8,1907,91,1051495.7921792215,6633.526379659561  
8,1908,91,1472094.1090509102,141409.1424528346  
8,1910,91,0.0,0.0  
8,1911,91,17482.833040685062,106.05846177889829  
8,1912,91,0.0,0.0  
8,1914,91,1118901.314603844,99985.99830646241  
8,1916,91,3294686.8154948945,93857.15183018657  
8,1918,91,280398.8779144591,1887.365885330623  
8,1919,91,3575085.6934093535,13502.069690677576  
8,1920,91,1850545.3741378777,3558.503012094569  
8,1921,91,0.0,0.0  
8,1922,91,526358.1612229417,5742.079690345476  
8,1923,91,2032891.8648798284,172958.86254894102  
8,1924,91,280398.8779144591,1069.97045362386  
8,1927,91,8061467.740040699,196654.85535381694  
8,1928,91,0.0,0.0  
8,1931,91,280398.8779144591,3767.806122046951  
8,1933,91,92495.54934144554,4135.744867749994  
8,1934,91,202720.69587844028,12784.256676804845  
8,1935,91,10585057.641270831,113000.31050959583  
8,1937,91,10444858.202313602,315419.148081539  
8,1939,91,10585057.641270831,254946.12999526403  
8,1941,91,490698.03635030345,3890.363935389656  
8,1943,91,0.0,0.0  
8,1951,91,70766.39672907443,251.11758537275188  
8,1952,91,1962792.1454012138,11784.962942790593  
8,1953,91,22691.27105642856,1483.754810444135  
8,1954,91,0.0,0.0  
8,1955,91,350498.59739307384,2203.8700336902393  
8,1958,91,0.0,0.0  
8,1959,91,41002.0791457436,361.9483298170271  
8,1961,91,841196.6337433773,3247.0199297582863  
8,1963,91,700997.1947861477,30786.435511951975  
8,1966,91,0.0,0.0  
8,1968,91,2733889.059665976,4123.08162547606  
8,1970,91,0.0,0.0  
8,1972,91,206175.64552533755,7878.8342333236915  
8,1973,91,10234559.043877756,99715.14323289454  
8,1974,91,14650841.371030487,1045299.593311297  
8,1975,91,2394030.450593214,204203.98941266286  
8,1977,91,16419.47855108725,561.7290978305937  
8,1979,91,92169.65975445806,7145.636034165509  
8,1980,91,580173.5670023297,42857.83893743297  
8,1982,91,312173.500156252,2842.8965638730074  
8,1990,91,2383390.4622729025,79064.85504518548  
8,1991,91,350498.59739307384,15593.309384178572  
8,1994,91,700997.1947861477,54233.546163118335  
8,1995,91,358563.3996451698,9853.694409814441  
8,1996,91,1024534.3616105237,17111.427407725427  
8,1997,91,398026.0144436881,17641.230759098326  
8,1998,91,18971.394696105937,820.1778410776456  
8,1999,91,16776.860384794825,738.4207902469384  
8,2000,91,14555.922813784833,804.1081875214958  
8,2001,91,5388.554729991799,246.42139521917858  
8,2002,91,2530947.337377237,28509.603271421638  
8,2003,91,4876335.0125434,249643.8798621342  
8,2004,91,118117.90038113132,2997.4160103939557  
8,2006,91,155202.50896449876,6418.8437897515905  
8,2013,91,7080071.667340092,267043.1107252996  
8,2014,91,4486382.0466313455,99231.43394844873  
8,2016,91,771096.9142647625,179835.19704526922  
8,2019,91,4416282.327152731,7483.266657648085  
8,2023,91,3630490.9038301813,122843.98584319618  
8,2025,91,981396.0727006069,3517.57090972829  
8,2026,91,350498.59739307384,1379.0258473228487  
8,2034,91,618072.02241752,84013.00580327104  
8,2037,91,1552208.0741693273,43348.57638694839  
8,2038,91,89251.51041948609,668.5311687954112  
8,2050,91,7872737.726059812,252252.67105317602  
8,2052,91,39011.62124277532,3222.1348531501144  
8,2054,91,2413691.8197265887,16045.593005281791  
8,2055,91,1964843.563357872,33896.32842214449  
8,2056,91,2177587.9504095125,20997.482257940937  
8,2057,91,10164459.324399142,60606.71301267851  
8,2058,91,0.0,0.0  
8,2060,91,7310399.31705554,175001.4247973102  
8,2067,91,10444858.202313602,222948.15055011242  
8,2068,91,1542193.828529525,5892.952908569722  
8,2070,91,280398.8779144591,3285.291462695286  
8,2071,91,20118619.49036244,133603.01494195824  
8,2073,91,19908320.331926595,1382834.2651949679  
8,2076,91,3726321.395141563,90447.8880059776  
8,2077,91,19067123.69818322,155380.19445769402  
8,2078,91,91521.88112819634,7824.548725148941  
8,2080,91,3224587.0960162794,270740.5033103757  
8,2081,91,16760205.657159712,111086.60828507064  
8,2083,91,1261794.9506150659,102032.98843458094  
8,2084,91,536068.1135909247,24009.51533380788  
8,2085,91,2453490.181751517,92972.79660887887  
8,2087,91,420598.31687168864,32227.585599347818  
8,2105,91,264035.7020967404,19867.821466664715  
8,2110,91,295450.7386088842,10556.610808126632  
8,2118,91,77761.95522852996,3432.231098850613  
8,2120,91,1138850.3684530915,91825.44908092635  
8,2121,91,565331.9713279187,31351.0613961463  
8,2122,91,796798.5772364493,64414.32548283784  
8,2123,91,851020.3245388046,60108.6626027163  
8,2124,91,48299.30418357874,3399.7380234465386  
8,2128,91,1542193.828529525,278231.8019861904  
8,2129,91,280398.8779144591,40734.41816496722  
8,2141,91,4486170.603970612,252672.98343126243  
8,2142,91,1319103.2704032743,143405.6932964341  
8,2144,91,206460.4551346314,10223.622746942068  
8,2145,91,206032.25503502006,24047.87505904994  
8,2146,91,204765.07973968834,13732.073726433891  
8,2147,91,364436.6400549249,16074.17690162349  
8,2148,91,4281542.641459782,35101.224534472596  
8,2149,91,1331894.6700936807,84541.32846532394  
8,2150,91,3084387.65705905,206872.071351013  
8,2151,91,13599345.578851266,312262.58492442983  
8,2152,91,350498.59739307384,4010.6705658850774  
8,2154,91,166900.51318536975,7802.0392560061355  
8,2156,91,6083.445378296527,499.40455475076794  
8,2158,91,16613633.516431702,114148.16213323438  
8,2159,91,490698.03635030345,4295.812194560442  
8,2161,91,280398.8779144591,2443.62688075449  
8,2163,91,280398.8779144591,18602.701691247392  
8,2165,91,139862.6643254805,3520.0153514781937  
8,2166,91,493808.2329652792,37235.99646486426  
8,2168,91,495925.93700158334,35681.626285903825  
8,2169,91,861326.683736005,65856.90245343803  
8,2171,91,146909.3199925297,49.17308577022077  
8,2177,91,280398.8779144591,12127.210746883786  
8,2178,91,1429796.1927873984,81073.9884032795  
8,2179,91,1292183.3269894356,41050.429174464705  
8,2180,91,1786893.4131783366,157285.8527181707  
8,2181,91,1481356.682093064,134000.4954581295  
8,2183,91,2748450.7592123216,62015.03367759366  
8,2184,91,11215858.456663713,91174.92990600182  
8,2186,91,2992787.4929121924,201026.6809077815  
8,2187,91,3485616.3948805765,406500.2802574585  
8,2188,91,1749228.9310332024,91272.21796381556  
8,2189,91,240244.93796151542,16025.59394493073  
8,2191,91,162088.88142968237,1398.0590228859967  
8,2193,91,560797.7558289182,23822.90722794825  
8,2194,91,76174.9474164909,2995.699679617077  
8,2196,91,160884.12150998806,9092.243901615235  
8,2197,91,3154487.376537665,28150.956935673687  
8,2198,91,560797.7558289182,36729.54655746033  
8,2199,91,0.0,0.0  
8,2200,91,0.0,0.0  
8,2201,91,1270974.9589495894,28028.83087137862  
8,2207,91,87173.23036919395,3887.999106975398  
8,2210,91,2803988.7791445907,233667.89807893336  
8,2213,91,2523589.9012301317,303672.80303585395  
8,2214,91,31030809.155866805,349292.58525716304  
8,2215,91,981396.0727006069,12732.178375067017  
8,2216,91,981396.0727006069,35663.6215764225  
8,2217,91,981396.0727006069,6865.194469944156  
8,2218,91,981396.0727006069,13852.05473045665  
8,2219,91,981396.0727006069,37128.99274966105  
8,2220,91,560789.3284029211,31590.92204318913  
8,2227,91,1118333.1422928926,163837.6631869373  
8,2228,91,2716364.1297963224,20656.230854770158  
8,2229,91,414730.26926756155,42041.45937251924  
8,2230,91,238489.18726926262,20688.902063303238  
8,2236,91,832042.9464565045,15138.637648889775  
8,2237,91,371247.6162798464,29841.957374870402  
8,2239,91,0.0,0.0  
8,2241,91,2173091.303837058,14574.13958504048  
8,2242,91,6834619.939910601,81788.22249701957  
8,2243,91,5510919.510224804,116857.64514623319  
8,2245,91,6579977.453198989,77143.97058879754  
8,2246,91,9238708.114705356,473432.5704817025  
8,2247,91,11584536.609917497,143810.8343062932  
8,2248,91,638990.4902025848,18296.51734450745  
8,2249,91,849791.5522133762,27093.465893076762  
8,2251,91,95683.16640861261,3536.121494939027  
8,2252,91,118760.20214364646,5057.689605631325  
8,2253,91,981396.0727006069,42562.50066976777  
8,2255,91,1331894.6700936807,10211.538048850138  
8,2256,91,2663789.3401873615,20697.786244259132  
8,2258,91,665224.0227809368,66779.62944326588  
8,2259,91,600716.4895821033,54150.55630215925  
8,2260,91,924729.1296259573,81932.90514973413  
8,2261,91,1095308.116853356,34788.47085974314  
8,2262,91,148507.24271596113,8411.588227500017  
8,2264,91,2139209.447335778,58026.89379226315  
8,2265,91,1309641.1135980475,33055.48335567325  
8,2267,91,3858272.7792137605,47957.064184789306  
8,2268,91,1660869.138865081,79641.63524588766  
8,2269,91,8061467.740040699,177606.3557846133  
8,2270,91,8003051.307141854,31782.769067761354  
8,2271,91,3299886.856813249,85376.90678313188  
8,2272,91,1518801.7659755708,30384.33210721205  
8,2273,91,1574282.2466074787,42577.448038703966  
8,2274,91,1709144.7434688339,44881.22207722033  
8,2276,91,3645130.6346189873,74064.36100338204  
8,2277,91,866394.8016919058,20725.621414856647  
8,2278,91,903189.0216540064,25184.607899579627  
8,2280,91,109994.63520003152,4954.344874331225  
8,2281,91,94678.13661200945,4571.594198116976  
8,2282,91,104990.22324661347,9328.212014967796  
8,2283,91,47819.97350454424,2005.0390440293115  
8,2284,91,53284.657025085966,2414.8667978058347  
8,2285,91,226724.02227423416,19920.728520806864  
8,2286,91,158237.05219240015,6984.796792576659  
8,2287,91,232069.4268009319,10453.907361545424  
8,2288,91,544590.5053542854,19191.985041081472  
8,2289,91,700997.1947861477,6377.163462436412  
8,2291,91,490698.03635030345,6988.956412703139  
8,2293,91,490698.03635030345,4948.830135686937  
8,2294,91,490698.03635030345,5138.755192174877  
8,2295,91,490698.03635030345,2441.70856980768  
8,2298,91,560797.7558289182,61307.806989464894  
8,2305,91,210299.15843584432,1334.9817234342981  
8,2312,91,371116.16194560763,13478.566880996148  
8,2313,91,0.0,0.0  
8,2319,91,350498.59739307384,5224.894736295403  
8,2324,91,44235.42964022768,2353.418540369838  
8,2353,91,14143.54692532963,65.91294461592564  
8,2355,91,0.0,0.0  
8,2357,91,3520215.9681988824,16405.205948194805  
8,2358,91,7560.455284700863,35.2338683558372  
8,2362,91,3790207.8446420855,17663.444754394117  
8,2369,91,0.0,0.0  
8,2385,91,0.0,0.0  
8,2389,91,485809.6388001393,2264.0108584622335  
8,2393,91,1139153.499309127,5308.778760052825  
8,2399,91,1059382.2484597943,4937.022080703975  
8,2400,91,580668.8564530858,2706.0817472200747  
8,2401,91,0.0,0.0  
8,2415,91,99213.22150759689,462.3617830041164  
8,2426,91,136011.7820749329,633.8535238966915  
8,2429,91,34326.60563185337,159.97172900194133  
8,2432,91,44269.17341987037,206.3069180044961  
8,2433,91,1019976.8154283478,4753.381573928637  
8,2436,91,0.0,0.0  
8,2445,91,50783.2982776606,236.66458947400585  
8,2452,91,1101137.3299802744,5131.612616601583  
8,2455,91,1340901.1034437213,6248.979879893864  
8,2457,91,0.0,0.0  
8,2459,91,5116.754527350148,23.84552895784003  
8,2460,91,256496.16239358083,1195.344946731001  
8,2461,91,1889081.8348613095,8803.657739712467  
8,2462,91,150808.45921060533,702.8102407437689  
8,2464,91,98516.8713065235,459.1165933441988  
8,2466,91,154922.1077331575,721.9810108955458  
8,2467,91,0.0,0.0  
8,2468,91,976064.1706440131,4548.736180599112  
8,2469,91,852835.492653297,3974.4555513921996  
8,2470,91,326906.6481265336,1523.4778027252112  
8,2471,91,892666.6866028501,4160.080224937226  
8,2472,91,3322498.734270218,15483.787497903888  
8,2475,91,1516293.8494935923,7066.359877814776  
8,2476,91,2183388.422067725,10175.2100020306  
8,2482,91,69714.94847992087,324.8914549029956  
8,2489,91,484707.139018747,2258.8728964351953  
8,2491,91,595804.2740001708,2776.61709056689  
8,2493,91,0.0,0.0  
8,2494,91,0.0,0.0  
8,2500,91,347742.26540579513,1620.5776953488273  
8,2508,91,0.0,0.0  
8,2509,91,0.0,0.0  
8,2510,91,101805.10990679738,474.4407188897963  
8,2511,91,2630859.4482726725,12260.552039865339  
8,2512,91,92030.1055803733,428.8864231965321  
8,2515,91,38880.97761426498,181.19639561646696  
8,2516,91,19319.721673431493,90.03538867435192  
8,2517,91,6249536.052488674,29124.61250898817  
8,2518,91,44400.698789527196,206.91986357264446  
8,2522,91,186577.83262456598,869.5056772723823  
8,2525,91,822409.4797850223,3832.661692209788  
8,2529,91,39378.78280147622,183.51630913656226  
8,2533,91,15275.856249518243,71.1898275765696  
8,2534,91,53999.19208285912,251.6515677328423  
8,2536,91,4090438.800276578,19062.606255762807  
8,2540,91,5350791.261442719,24936.20659151828  
8,2544,91,5037601.4808632815,23476.653286354325  
8,2548,91,0.0,0.0  
8,2555,91,65899.76386783352,307.11161132035875  
8,2559,91,1655615.0588889048,7715.63627270912  
8,2573,91,0.0,0.0  
8,2583,91,0.0,0.0  
8,2585,91,664037.6012980556,3094.603770067442  
8,2586,91,0.0,0.0  
8,2591,91,3175903.2085297285,14800.610723358688  
8,2604,91,84604.21902569213,394.2796833322714  
